Date,Benchmark_Return,Strategy_Return,Strategy_Equity,Benchmark_Equity,Strategy_Peak,Strategy_Drawdown,Benchmark_Peak,Benchmark_Drawdown
2024-09-12,0.015490543819406555,0.0,100000.0,101549.05438194066,100000.0,0.0,101549.05438194066,0.0
2024-09-13,-0.0023092933095570367,-0.00138988386248583,99861.01161375141,101314.54783006462,100000.0,-0.0013898838624858412,101549.05438194066,-0.00230929330955687
2024-09-16,0.0014306783833450075,-0.0006000000000000001,99801.09500678316,101459.49636356346,100000.0,-0.0019890499321684185,101549.05438194066,-0.0008819187822306507
2024-09-17,-0.002952273100623626,-0.0029675462437396935,99504.93064217467,101159.96022164648,100000.0,-0.004950693578253285,101549.05438194066,-0.003831588217756643
2024-09-18,0.0018992175935630296,-0.0005,99455.17817685359,101352.08499786357,100000.0,-0.00544821823146413,101549.05438194066,-0.0019396476439481614
2024-09-19,0.00020089167738148727,-0.002317581177876504,99224.68272786855,101372.44578822491,100000.0,-0.007753172721314483,101549.05438194066,-0.0017391456256352633
2024-09-20,0.011452933647594032,-0.0004,99184.9928547774,102533.45768353179,100000.0,-0.008150071452226015,102533.45768353179,0.0
2024-09-23,0.0014052162256398381,-0.0028481445202654275,98902.49966088551,102677.53936193966,100000.0,-0.010975003391144877,102677.53936193966,0.0
2024-09-24,-0.0008286163225263432,0.0004624233066556908,98948.2344818152,102592.45907686751,100000.0,-0.010517655181847996,102677.53936193966,-0.0008286163225263987
2024-09-25,0.0028567391436913558,-2.0110511199389157e-05,98946.2445822375,102885.53897055997,100000.0,-0.01053755417762503,102885.53897055997,0.0
2024-09-26,0.006675032855268848,0.0008870720358272973,99034.01702885654,103572.3033235205,100000.0,-0.009659829711434531,103572.3033235205,0.0
2024-09-27,-0.010718741914468265,-0.0020107751670486503,98834.88188672184,102462.13853470865,100000.0,-0.01165118113278163,103572.3033235205,-0.01071874191446831
2024-09-30,-0.011907117895028251,-0.002962441633350864,98542.08931779329,101242.10977139916,100000.0,-0.01457910682206709,103572.3033235205,-0.022498230485834547
2024-10-01,-0.013939475495531506,-0.00023431957342472353,98518.99897745997,99830.84786312483,100000.0,-0.014810010225400294,103572.3033235205,-0.03612409244881598
2024-10-03,-0.008057590437590656,-0.0023668037342141394,98285.82384278908,99026.45177800635,100000.0,-0.017141761572109226,103572.3033235205,-0.04389060974452441
2024-10-04,0.0007059216164300053,-0.0007172761788746917,98215.32576262557,99096.3566909148,100000.0,-0.017846742373744395,103572.3033235205,-0.04321567145827132
2024-10-07,-0.007405250667050833,-0.0025167168007216847,97968.14560219043,98362.5233294271,100000.0,-0.020318543978095738,103572.3033235205,-0.0503008992454288
2024-10-08,0.008276970794740102,0.0026417222758982404,98226.95023475618,99176.6670623217,100000.0,-0.01773049765243817,103572.3033235205,-0.04244026752469232
2024-10-09,-0.001569381423217675,-0.0025182605973155794,97979.58917638553,99021.02104341745,100000.0,-0.020204108236144713,103572.3033235205,-0.04394304398046034
2024-10-10,-0.0072740879652253175,-0.004457931246504854,97542.80290427641,98300.73342594122,100000.0,-0.024571970957235845,103572.3033235205,-0.05089748637831193
2024-10-11,0.0011798186692531186,0.0012600088038722927,97665.70769469018,98416.71046643841,100000.0,-0.023342923053098152,103572.3033235205,-0.04977771751370608
2024-10-14,0.008663537097997198,0.0010266715385437667,97765.97829707207,99269.34728862725,100000.0,-0.022340217029279352,103572.3033235205,-0.041545431518042464
2024-10-15,-0.005081888474658858,-0.002423822385904916,97529.01093029573,98764.87153675428,100000.0,-0.02470989069704277,103572.3033235205,-0.046416190743095
2024-10-16,0.003920600110002559,0.0003448413232517658,97562.64296348038,99152.08910296566,100000.0,-0.024373570365196162,103572.3033235205,-0.04267756995562566
2024-10-17,-0.011338621511857893,-0.0030648387419004103,97263.6291955637,98027.84109251712,100000.0,-0.027363708044363055,103572.3033235205,-0.05353228665471099
2024-10-18,0.011365211369687956,0.002526349617572577,97509.35112798563,99141.94822664777,100000.0,-0.02490648872014367,103572.3033235205,-0.042775481037956364
2024-10-21,-0.00550784967646103,-0.0017693826292299428,97336.81977591228,98595.88927918392,100000.0,-0.026631802240877134,103572.3033235205,-0.04804772979502203
2024-10-22,-0.015361470170424052,-0.0065115116225916364,96703.00994263533,97081.3114670953,100000.0,-0.03296990057364668,103572.3033235205,-0.06267111619744337
2024-10-23,-0.0006209966391491073,-0.000735950819976738,96631.84128317382,97021.02429895004,100000.0,-0.03368158716826175,103572.3033235205,-0.06325319428406206
2024-10-24,0.003104203667135563,-0.0004033459257701153,96592.8652236926,97322.1973183681,100000.0,-0.03407134776307397,103572.3033235205,-0.060345341414581144
2024-10-25,-0.004916080357363817,0.0007846428648846109,96668.65612618912,96843.75357579578,100000.0,-0.03331343873810877,103572.3033235205,-0.06496475922435829
2024-10-28,0.003868912446734707,0.0009288185333184657,96758.44376559011,97218.4335793937,100000.0,-0.032415562344098925,103572.3033235205,-0.06134718974318565
2024-10-29,0.0032014250582336643,0.0005821028569868104,96814.76713214366,97529.67110877701,100000.0,-0.03185232867856336,103572.3033235205,-0.05834216311544793
2024-10-30,0.00020582762899166163,0.002999972303537358,97105.20875211353,97549.74540973765,100000.0,-0.028947912478864746,103572.3033235205,-0.058148343915560785
2024-10-31,-0.002422469611283251,-0.0038926742767376172,96727.20980386694,97313.43411589415,100000.0,-0.032727901961330685,103572.3033235205,-0.06042995093076198
2024-11-01,-0.0022476047192959148,-0.003704494326405615,96368.88440393948,97094.71198212438,100000.0,-0.0363111559606053,103572.3033235205,-0.06254173300715904
2024-11-04,-0.013242005715338878,-0.00030000000000000003,96339.9737386183,95808.98325112791,100000.0,-0.03660026261381699,103572.3033235205,-0.07495556073656995
2024-11-05,0.014832707885630247,0.007879186433881781,97099.05435274015,97230.08991251113,100000.0,-0.02900945647259856,103572.3033235205,-0.061234646787748814
2024-11-06,0.009889734126914407,0.004417469428932398,97527.98645692163,98191.66965088186,100000.0,-0.024720135430783663,103572.3033235205,-0.05195050703692072
2024-11-07,-0.008696644701666778,-0.004603096337879908,97079.05573962098,97337.7315872647,100000.0,-0.029209442603790214,103572.3033235205,-0.060195356636815966
2024-11-08,-0.006547610782428393,-0.002041072704871771,96880.9103287361,96700.4020063868,100000.0,-0.03119089671263897,103572.3033235205,-0.06634883165307714
2024-11-11,0.008186391376382218,0.002523177301648972,97125.35804264067,97492.02934346459,100000.0,-0.02874641957359325,103572.3033235205,-0.05870559777997253
2024-11-12,-0.01510738543909954,-0.002696334563222057,96863.47558278499,96019.17967893287,100000.0,-0.03136524417215014,103572.3033235205,-0.07292609512597725
2024-11-13,-0.008948636644346919,-0.00108549136106878,96758.33111683678,95159.93892909783,100000.0,-0.03241668883163218,103572.3033235205,-0.08122214264315086
2024-11-14,0.0025095478447726637,0.00020232140361595749,96777.90739819988,95398.74734874607,100000.0,-0.032220926018001195,103572.3033235205,-0.0789164256513959
2024-11-18,-0.006118968251157398,-0.0071019617996026406,96090.59439681238,94815.0054425189,100000.0,-0.03909405603187621,103572.3033235205,-0.08455250679949755
2024-11-19,-0.0016830360931693988,-0.0043868690617115515,95669.05754113154,94655.42836618508,100000.0,-0.043309424588684586,103572.3033235205,-0.08609323797195556
2024-11-21,-0.004311194107942918,-0.0036058394820536292,95324.09027623886,94247.35044112797,100000.0,-0.0467590972376114,103572.3033235205,-0.09003326741962003
2024-11-22,0.04104564045023147,0.009127047017007044,96194.11773004352,98115.79330072149,100000.0,-0.03805882269956473,103572.3033235205,-0.052683100092453694
2024-11-25,0.0073076203181225655,0.002531736976960965,96437.65593486682,98832.78626537455,100000.0,-0.03562344065133172,103572.3033235205,-0.0457604678669884
2024-11-26,-0.005305615670285524,-0.0013328030754393922,96309.12353044866,98308.417485827,100000.0,-0.03690876469551341,103572.3033235205,-0.0508232960818793
2024-11-27,-0.0010370248481599397,-0.0014307704416502084,96171.32728324005,98206.46921411093,100000.0,-0.03828672716759951,103572.3033235205,-0.05180761590913685
2024-11-28,-0.012170008933271137,-0.0035476475154612155,95830.14531294507,97011.29560647019,100000.0,-0.0416985468705493,103572.3033235205,-0.06334712569398226
2024-11-29,0.011878239412303404,0.006918426362246088,96493.13911657603,98163.61900138158,100000.0,-0.03506860883423968,103572.3033235205,-0.052221338606753154
2024-12-02,0.0069007027914243955,0.0031577183157936576,96797.83726931286,98841.01696104072,100000.0,-0.032021627306871414,103572.3033235205,-0.045680999752424456
2024-12-03,0.006256137245503768,0.0018053461402213757,96972.5908712088,99459.37992863414,100000.0,-0.03027409128791203,103572.3033235205,-0.039710649110883844
2024-12-04,0.0011138217192456334,0.0016084380099677946,97128.56527229112,99570.15994618136,100000.0,-0.02871434727708877,103572.3033235205,-0.0386410579751032
2024-12-05,0.008308969120169585,0.001251597625314194,97250.13115393609,100397.48533046454,100000.0,-0.027498688460639076,103572.3033235205,-0.030653156212419375
2024-12-06,-0.002071348879065904,0.0021563102621741776,97459.83260974112,100189.52711176423,100000.0,-0.02540167390258885,103572.3033235205,-0.032661011710724996
2024-12-09,0.0014126779083164065,-0.0002,97440.34064321917,100331.06264335969,100000.0,-0.0255965935678083,103572.3033235205,-0.03129447329211554
2024-12-10,-0.0011782417603570905,-0.0015407013548692117,97290.21417837124,100212.8483954923,100000.0,-0.027097858216287518,103572.3033235205,-0.03243584259717136
2024-12-11,-0.0029272047075700526,-0.0004,97251.2980926999,99919.50487391,100000.0,-0.027487019073000996,103572.3033235205,-0.035268100953597004
2024-12-12,-0.002838966608590543,0.0001387087605092101,97264.78769971625,99635.83673602607,100000.0,-0.027352123002837514,103572.3033235205,-0.03800694260123183
2024-12-13,0.012565125206116213,-0.00030000000000000003,97235.60826340634,100887.7734996304,100000.0,-0.027643917365936632,103572.3033235205,-0.025919379387601693
2024-12-16,-0.007543827336290609,-0.0021927981763872114,97022.39019892644,100126.69355600639,100000.0,-0.029776098010735552,103572.3033235205,-0.033267675401128516
2024-12-17,-0.011561137597369953,-0.0021630938971074812,96812.52165880437,98969.11507463569,100000.0,-0.031874783411956265,103572.3033235205,-0.04444420082564149
2024-12-18,-0.019725074047438774,-0.006901261875690546,96144.393093991,97016.94195137902,100000.0,-0.038556069060089904,103572.3033235205,-0.06329260972081518
2024-12-19,0.0034555030393108367,0.0009876485424418105,96239.34996369424,97352.18428915665,100000.0,-0.03760650036305757,103572.3033235205,-0.06005581448676056
2024-12-20,-0.010437817943544736,-0.0037953964851405115,95874.08347310983,96336.03991314002,100000.0,-0.04125916526890172,103572.3033235205,-0.06986678077224118
2024-12-23,0.0006393146242510306,-5.4613397406121994e-05,95868.84746368817,96397.62895229892,100000.0,-0.04131152536311822,103572.3033235205,-0.0692721330026872
2024-12-24,0.0017858685868896273,0.002457441489274671,96104.43954697438,96569.78244969547,100000.0,-0.03895560453025626,103572.3033235205,-0.06760997534207391
2024-12-26,0.0005595117363963786,-0.0010676667162550998,96001.83203558571,96623.81437635732,100000.0,-0.0399816796441429,103572.3033235205,-0.06708829218037893
2024-12-27,-0.0009860907059187295,0.0005980555716809114,96059.24646612618,96528.53453103037,100000.0,-0.0394075353387382,103572.3033235205,-0.06800822774490267
2024-12-30,-0.012571330147012238,-0.005028742903964112,95576.1892120995,95315.04245483351,100000.0,-0.04423810787900495,103572.3033235205,-0.07972460400822057
2024-12-31,0.0036687182123702035,-0.0006402097226520627,95515.00040651188,95664.7264870004,100000.0,-0.04484999593488115,103572.3033235205,-0.07634837290254937
2025-01-01,0.007224561934950402,0.0009160782150814512,95602.49961759779,96355.86222849584,100000.0,-0.043975003824022085,103572.3033235205,-0.06967539451626592
2025-01-02,0.01240559693116008,0.004026344076486289,95987.42817563037,97551.21421725694,100000.0,-0.04012571824369637,103572.3033235205,-0.0581341624454943
2025-01-03,-0.007164977852245569,-0.00030000000000000003,95958.63194717768,96852.26192793064,100000.0,-0.04041368052822314,103572.3033235205,-0.064882610311359
2025-01-06,-0.01362120572336376,-0.0071535320231727265,95272.18880064371,95533.01734343718,100000.0,-0.04727811199356291,103572.3033235205,-0.07762003665180295
2025-01-07,0.003741385235198813,0.0012435811019525739,95390.66749417786,95890.44316399991,100000.0,-0.04609332505822139,103572.3033235205,-0.07416905787568873
2025-01-08,-0.0003703988972543093,0.001340636612999347,95518.55171555899,95854.92544959472,100000.0,-0.04481448284441003,103572.3033235205,-0.07451198463569564
2025-01-09,-0.0052209780416204166,-0.003874569682679307,95148.45843094846,95354.46898864124,100000.0,-0.04851541569051532,103572.3033235205,-0.07934393724169542
2025-01-10,-0.01241876858904003,-0.004721246783299493,94699.23907764544,94170.28390434051,100000.0,-0.05300760922354564,103572.3033235205,-0.09077735183518754
2025-01-13,0.0013957793136709195,-0.0007615406195261127,94627.12176044959,94301.72483857672,100000.0,-0.05372878239550405,103572.3033235205,-0.08950827767135794
2025-01-14,0.0027900030494838026,-0.0009732838991281293,94535.02270641932,94564.82693844794,100000.0,-0.05464977293580686,103572.3033235205,-0.08696800298953111
2025-01-15,0.007439909923164722,0.0007146834362472881,94602.58532129285,95268.38073276966,100000.0,-0.053974146787071464,103572.3033235205,-0.08017512717480602
2025-01-16,-0.0015601321078359208,0.004391620819295262,95018.04400454901,95119.74947312693,100000.0,-0.04981955995450993,103572.3033235205,-0.08161017549248661
2025-01-17,-0.0005009010605797837,0.0017782811948705798,95187.01280537568,95072.10388973376,100000.0,-0.048129871946243186,103572.3033235205,-0.08207019792960812
2025-01-20,0.004421030993722585,0.000722737033542132,95255.80798464236,95492.42060766867,100000.0,-0.0474419201535764,103572.3033235205,-0.07801200182459345
2025-01-21,-0.014916453601125024,-0.003502171509907259,94922.20580776536,94068.01234641527,100000.0,-0.050777941922346415,103572.3033235205,-0.09176479302017093
2025-01-22,-0.00019903650673019913,-0.0008297459265118926,94843.44449416084,94049.28937784278,100000.0,-0.051565555058391666,103572.3033235205,-0.09194556498305761
2025-01-23,0.0006545441922030549,0.0006707036663596965,94907.05634011327,94110.84879398588,100000.0,-0.050929436598867284,103572.3033235205,-0.0913512032264131
2025-01-24,-0.009779750564589563,-0.004781721891438062,94453.2371911598,93190.4681673589,100000.0,-0.055467628088402,103572.3033235205,-0.10023756180967314
2025-01-27,0.0013533442481950542,-0.0004025778463793471,94415.21241034783,93316.58695143978,100000.0,-0.05584787589652174,103572.3033235205,-0.09901987348920649
2025-01-28,0.0027512751565006766,-0.0004087334306382411,94376.62175667491,93573.32655880871,100000.0,-0.056233782433250945,103572.3033235205,-0.09654102925063646
2025-01-29,-0.0003169436164702999,-0.0034418227147127826,94051.79415617493,93543.669090284,100000.0,-0.05948205843825072,103572.3033235205,-0.09682737480415826
2025-01-30,0.007078080730845771,0.001565345272160524,94199.0176874955,94205.77873196456,100000.0,-0.05800982312504488,103572.3033235205,-0.0904346460491322
2025-01-31,0.00894782534320926,0.005306492089743976,94698.88402971583,95048.7155863792,100000.0,-0.05301115970284165,103572.3033235205,-0.08229601412374543
2025-02-01,-0.01341662072572487,-0.006600907860391336,94073.7854217538,93773.48301888944,100000.0,-0.05926214578246203,103572.3033235205,-0.09460850044073332
2025-02-03,0.005083243002055382,-0.00252712828890923,93836.0488973697,94250.15642022357,100000.0,-0.06163951102630294,103572.3033235205,-0.09000617543647815
2025-02-04,0.016040857114140307,0.004667181520795561,94273.99877076797,95762.00971234577,100000.0,-0.05726001229232036,103572.3033235205,-0.07540909452190458
2025-02-05,-0.0029527718505126697,-0.0015693178542443003,94126.052901306,95479.24634571862,100000.0,-0.05873947098693999,103572.3033235205,-0.07813920052084034
2025-02-06,-0.007479693544078225,-0.001584019987097773,93976.9553522037,94765.0908432331,100000.0,-0.06023044647796294,103572.3033235205,-0.08503443679124334
2025-02-07,-0.008317115306471945,-0.0012460491101771607,93859.85545060995,93976.91865566165,100000.0,-0.061401445493900586,103572.3033235205,-0.09264431088190161
2025-02-10,-0.0036670584533242123,-0.0012617910246521809,93741.42392742721,93632.29980168803,100000.0,-0.06258576072572786,103572.3033235205,-0.09597163723185409
2025-02-11,-0.013283801785086013,-0.008260198130869877,92967.1011927168,92388.50689044067,100000.0,-0.07032898807283194,103572.3033235205,-0.1079805708109619
2025-02-12,0.00016255296403345777,-7.740457909790555e-05,92959.90511337903,92403.52491607833,100000.0,-0.07040094886620962,103572.3033235205,-0.10783557040877179
2025-02-13,-0.0015714684962517377,-0.0012226549346220689,92846.24722667017,92258.3156877301,100000.0,-0.07153752773329836,103572.3033235205,-0.10923757870335082
2025-02-14,-0.009553491161396487,-0.004404527268010971,92437.3033990278,91376.92668424205,100000.0,-0.07562696600972196,103572.3033235205,-0.11774746962211247
2025-02-17,0.005515225183495409,-0.0005206856034453362,92389.17262592661,91880.89101148138,100000.0,-0.07610827374073381,103572.3033235205,-0.11288164824836988
2025-02-18,-0.005821750149148097,-0.003389160135223312,92076.05092513656,91345.98342053143,100000.0,-0.07923949074863446,103572.3033235205,-0.118046229644992
2025-02-19,-0.00507501065521101,-0.0008157419224549484,92000.94063034284,90882.40158136151,100000.0,-0.07999059369657158,103572.3033235205,-0.12252215442694703
2025-02-20,0.0012260564908159854,0.0005072919826584648,92047.61196992167,90993.82853972127,100000.0,-0.07952388030078339,103572.3033235205,-0.12144631701883513
2025-02-21,-0.009935469207501412,-0.000909883026070468,91963.8594101999,90089.76215819221,100000.0,-0.080361405898001,103572.3033235205,-0.13017516008323138
2025-02-24,-0.00947949764243471,-0.0045264981322687865,91547.58517234342,89235.75647020612,100000.0,-0.08452414827656585,103572.3033235205,-0.1384206626025536
2025-02-25,0.003422235233829951,-9.369127967598854e-05,91539.00796193739,89541.14222011593,100000.0,-0.08460992038062609,103572.3033235205,-0.13547213543737224
2025-02-27,-0.009630805338387028,-0.009030519575880903,90712.3631585804,88678.78890961717,100000.0,-0.092876368414196,103572.3033235205,-0.1437982350105862
2025-02-28,-0.014362192954975539,-0.000533616303297279,90663.95756268835,87405.1670322837,100000.0,-0.09336042437311654,103572.3033235205,-0.15609516996775485
2025-03-03,-0.006398820947140393,-0.001424476248755945,90534.80890852209,86845.87701858922,100000.0,-0.09465191091477909,103572.3033235205,-0.1614951658715581
2025-03-04,0.006993806903514643,-0.0010032386454767888,90443.98088946419,87453.26031282362,100000.0,-0.09556019110535807,103572.3033235205,-0.15563082497400016
2025-03-05,0.020988722754428424,0.01508518890252555,91808.34542627819,89288.79254750033,100000.0,-0.08191654573721807,103572.3033235205,-0.137908594456994
2025-03-06,-0.002518589087392653,0.000810425607065069,91882.74926035391,89063.91076896373,100000.0,-0.08117250739646087,103572.3033235205,-0.14007984846332966
2025-03-07,0.0027434235288919086,0.001365352546595167,92008.20160604469,89308.25079734244,100000.0,-0.07991798393955307,103572.3033235205,-0.13772072328663565
2025-03-10,-0.006912678951076745,-0.005178009672435369,91531.7822481852,88690.89153189816,100000.0,-0.084682177518148,103572.3033235205,-0.14368138309272183
2025-03-11,0.011118777011210824,0.0019441392209351607,91709.732776016,89677.02577776683,100000.0,-0.08290267223984005,103572.3033235205,-0.1341601673407813
2025-03-12,-0.0010757727770495217,-0.004919604273923516,91258.55718269073,89580.55367470834,100000.0,-0.08741442817309275,103572.3033235205,-0.1350916142620412
2025-03-13,-0.00849005155902025,-0.0006797451319623946,91196.52462269588,88820.01015532447,100000.0,-0.08803475377304115,103572.3033235205,-0.14243473105078552
2025-03-17,0.003193017109723484,0.002004409730467916,91379.31982403446,89103.61396743623,100000.0,-0.08620680175965534,103572.3033235205,-0.13969651047432607
2025-03-18,0.015629036990597735,0.0025467980867078252,91612.04450092698,90496.21764612924,100000.0,-0.0838795549907303,103572.3033235205,-0.12625079541338902
2025-03-19,0.004621930297341636,-0.000986206353974006,91521.69612053961,90914.4848562627,100000.0,-0.08478303879460392,103572.3033235205,-0.12221238749243202
2025-03-20,0.005004778326528347,-0.0001,91512.54395092756,91369.49169963882,100000.0,-0.0848745604907244,103572.3033235205,-0.11781925507405899
2025-03-21,0.018791882234213242,0.010135240051783935,92440.04555161964,93086.49642745835,100000.0,-0.07559954448380357,103572.3033235205,-0.10124141840612033
2025-03-24,0.011340156453274986,-0.0005,92393.82552884384,94142.11186063295,100000.0,-0.07606174471156157,103572.3033235205,-0.09104935547712212
2025-03-25,-0.003112995704446986,0.0006957938720185909,92458.11258645917,93849.04787080323,100000.0,-0.07541887413540826,103572.3033235205,-0.0938789149290763
2025-03-26,-0.01385712242064746,-0.0002,92439.62096394188,92548.5701253963,100000.0,-0.07560379036058118,103572.3033235205,-0.10643514573283397
2025-03-27,0.0060556414113639104,0.0013988469173653044,92568.9298427697,93109.01107921018,100000.0,-0.0743107015723029,103572.3033235205,-0.10102403739759436
2025-03-28,-0.01077169886056224,-0.0007677002697633603,92497.8646503577,92106.06885066017,100000.0,-0.07502135349642292,103572.3033235205,-0.11070753574963144
2025-04-01,-0.005840346378175531,0.0012649901565266357,92614.87353864015,91568.13750504024,100000.0,-0.07385126461359848,103572.3033235205,-0.11590131177235485
2025-04-02,-0.0039675425474767325,-0.001597103019010748,92466.9580445063,91204.83702349578,100000.0,-0.07533041955493691,103572.3033235205,-0.11940901093406653
2025-04-03,-0.005341897128037398,0.0010536722624155841,92564.38791338773,90717.63016653685,100000.0,-0.07435612086612264,103572.3033235205,-0.12411303740953339
2025-04-04,-0.06540907509161197,-0.036545114791444656,89181.61173149318,84783.87388284077,100000.0,-0.10818388268506829,103572.3033235205,-0.18140399351737713
2025-04-07,0.03346950567827286,0.009338973974391132,90014.47648244785,87621.54823118847,100000.0,-0.09985523517552153,103572.3033235205,-0.15400598983019553
2025-04-08,-0.0012221249289941284,-0.0038520750393257527,89667.73396441183,87514.46375277809,100000.0,-0.10332266035588167,103572.3033235205,-0.15503990019980363
2025-04-09,0.00940936244800944,0.0023213868023283977,89875.8874586315,88337.91906167116,100000.0,-0.10124112541368491,103572.3033235205,-0.1470893643666774
2025-04-11,0.025618257540359336,0.003245155813895419,90167.5487173469,90600.98262277247,100000.0,-0.09832451282653099,103572.3033235205,-0.12523928004411133
2025-04-15,-0.0024737891158364113,-0.0016442251104585076,90019.29296959736,90376.85489807617,100000.0,-0.09980707030402647,103572.3033235205,-0.12740325359209947
2025-04-16,0.00018897766820048513,-0.002577875979973575,89787.23439651683,90393.93410537411,100000.0,-0.10212765603483176,103572.3033235205,-0.12723835229368385
2025-04-17,0.02303417424294809,0.008307620790809067,90533.15269173858,92476.08373406286,100000.0,-0.09466847308261417,103572.3033235205,-0.10713500842785406
2025-04-21,0.007498869716991696,0.0019248670143270704,90707.41697105793,93169.54983792223,100000.0,-0.0929258302894207,103572.3033235205,-0.10043953018119156
2025-04-22,0.00752628608413698,-0.0020833184071846196,90518.44453961396,93870.7705243327,100000.0,-0.09481555460386037,103572.3033235205,-0.09366918073535446
2025-04-23,0.0005630855214296959,0.005923087116503734,91054.5931722725,93923.62779610038,100000.0,-0.08945406827727498,103572.3033235205,-0.09315883897340127
2025-04-24,0.0018430924445737794,-0.0001324380024176781,91042.5340838418,94096.73772485834,100000.0,-0.08957465916158192,103572.3033235205,-0.09148744688108457
2025-04-25,-0.004450257699102655,-0.0007343395399914019,90975.67795124302,93677.98299333784,100000.0,-0.09024322048756983,103572.3033235205,-0.09553056186533349
2025-04-28,0.012517900168484109,0.002600610355624445,91212.27024143298,94850.6346324334,100000.0,-0.0878772975856702,103572.3033235205,-0.08420850373331867
2025-04-29,0.0020938734888143575,0.0010906849873487893,91311.75409524732,95049.23986168746,100000.0,-0.08688245904752678,103572.3033235205,-0.08229095219800442
2025-04-30,-0.004927612453846653,-0.0029062996067641617,91046.37478022736,94580.87404361636,100000.0,-0.08953625219772643,103572.3033235205,-0.08681306673096112
2025-05-02,0.008417418185316782,0.0006639324748335174,91106.8234251598,95377.00081277425,100000.0,-0.088931765748402,103572.3033235205,-0.07912639043226877
2025-05-05,0.002437082712726568,0.0012068158835670253,91216.77258677062,95609.44245264676,100000.0,-0.08783227413229378,103572.3033235205,-0.07688214527778514
2025-05-06,-0.009562282094897201,-0.00030000000000000003,91189.4075549946,94695.19799297872,100000.0,-0.08810592445005405,103572.3033235205,-0.08570925861147527
2025-05-07,0.011123384443998385,0.0016901583424344115,91343.53209291532,95748.52908525517,100000.0,-0.08656467907084675,103572.3033235205,-0.07553925120142235
2025-05-08,-0.016967902135192014,-0.0018826273029185709,91171.56626545219,94123.87741414797,100000.0,-0.08828433734547814,103572.3033235205,-0.09122541071486301
2025-05-09,0.02829501183826626,-0.0007098314638737667,91106.84981910631,96787.1136398448,100000.0,-0.08893150180893683,103572.3033235205,-0.0655116229527245
2025-05-12,0.016626806692555497,0.009647899868840883,91985.83958352658,98396.3742686649,100000.0,-0.08014160416473415,103572.3033235205,-0.04997406535111948
2025-05-13,-0.015317438859468601,0.00039531806528830853,92022.20324766466,96889.19382181123,100000.0,-0.07977796752335342,103572.3033235205,-0.0645260295200133
2025-05-14,0.004707630286330877,0.0025327489143189834,92255.27238303343,97345.31232506498,100000.0,-0.07744727616966574,103572.3033235205,-0.06012216392450753
2025-05-15,0.015485385342172286,0.005823160242466452,92792.48961733223,98852.74199767274,100000.0,-0.0720751038266777,103572.3033235205,-0.0455677934583113
2025-05-16,-0.006699866113120512,-0.0024515222324548386,92565.0067660305,98190.44186137347,100000.0,-0.07434993233969489,103572.3033235205,-0.05196236145619093
2025-05-19,-0.0011032831891217842,0.00021126846963465172,92584.5628333517,98082.10999753539,100000.0,-0.07415437166648309,103572.3033235205,-0.05300831544545104
2025-05-20,-0.00695226675028775,-0.001394296405384765,92455.47251019902,97400.21700540146,100000.0,-0.07544527489800978,103572.3033235205,-0.0595920542467786
2025-05-21,-0.001029327456088025,-0.000671134079170232,92393.42249179164,97299.96028780888,100000.0,-0.07606577508208356,103572.3033235205,-0.06056004196526554
2025-05-22,-0.0023456885811282578,-0.0014963428426638776,92255.17025533682,97071.72488201753,100000.0,-0.07744829744663173,103572.3033235205,-0.0627636755474833
2025-05-23,0.009741612127891597,0.001936428171704763,92433.81576600469,98017.35997440355,100000.0,-0.0756618423399531,103572.3033235205,-0.053633482802496135
2025-05-26,0.003985185414459802,0.0006942754791560261,92497.99029773586,98407.97732773739,100000.0,-0.07502009702264145,103572.3033235205,-0.04986203676142753
2025-05-27,-0.006265836133699099,-0.0016649547370243152,92343.98533062442,97791.36906755301,100000.0,-0.07656014669375577,103572.3033235205,-0.05581544554348705
2025-05-28,0.0034044516999802376,-0.001398015048402168,92214.88704950277,98124.29506021844,100000.0,-0.0778511295049723,103572.3033235205,-0.05260101483197244
2025-05-29,-0.0005837775746751151,-0.00029859324602516914,92187.3523070468,98067.01229723149,100000.0,-0.0781264769295319,103572.3033235205,-0.0531540851137835
2025-05-30,-0.0029377398645454634,-0.002762397188472531,91932.69422422111,97778.91692580904,100000.0,-0.08067305775778888,103572.3033235205,-0.05593567210352668
2025-06-02,0.003774635850853414,0.00046835752069260863,91975.75159295855,98147.99673109483,100000.0,-0.08024248407041445,103572.3033235205,-0.052372173045936776
2025-06-03,-0.006682743794057089,-0.0017162926403783028,91817.89428740629,97492.09881504097,100000.0,-0.08182105712593712,103572.3033235205,-0.058704927025589826
2025-06-04,0.0048253365159818375,0.0013849588354280969,91945.05829135003,97962.53099947289,100000.0,-0.08054941708649976,103572.3033235205,-0.05416286153765271
2025-06-05,0.000837704051346011,-0.0002,91926.66927969175,98044.59460857125,100000.0,-0.08073330720308247,103572.3033235205,-0.053370529934849364
2025-06-06,0.010286039572981664,0.0019899712207132494,92109.60070597436,99053.08518863196,100000.0,-0.0789039929402564,103572.3033235205,-0.04363346174480853
2025-06-09,0.0012587901522013612,0.00023895266557983952,92131.61054058856,99177.77223681257,100000.0,-0.0786838945941144,103572.3033235205,-0.04242959696455795
2025-06-10,0.00043101937715332993,-0.00030000000000000003,92103.97105742639,99220.51977842953,100000.0,-0.07896028942573607,103572.3033235205,-0.04201686556586126
2025-06-11,0.0025346633564193423,0.0015482521964337971,92246.57123291632,99472.01039411679,100000.0,-0.07753428767083681,103572.3033235205,-0.03958870081894328
2025-06-12,-0.029749652523470636,-0.002280465213989823,92036.20613610982,96512.75264908075,100000.0,-0.07963793863890178,103572.3033235205,-0.06816060324919482
2025-06-13,0.010209783079153167,0.0013714310781806295,92162.42744952273,97498.12691799983,100000.0,-0.07837572550477268,103572.3033235205,-0.058646725143760126
2025-06-16,0.006960097186693448,0.004931773039335519,92616.951624458,98176.72335686968,100000.0,-0.07383048375542,103572.3033235205,-0.05209481486374856
2025-06-17,-0.006891722351191154,-0.0024769528714848606,92387.54380018363,97500.11663814443,100000.0,-0.07612456199816375,103572.3033235205,-0.05862751421496204
2025-06-18,-0.0012055710974900658,-0.0001,92378.30504580362,97382.57331552358,100000.0,-0.07621694954196379,103572.3033235205,-0.059762405675796826
2025-06-19,-0.0002844799034373624,0.0006973322131398121,92442.72341370731,97354.8699304703,100000.0,-0.07557276586292694,103572.3033235205,-0.06002988437583834
2025-06-20,0.0049775103870073,1.7459842105649613e-05,92444.33744906193,97839.45480677496,100000.0,-0.07555662550938069,103572.3033235205,-0.0553511733618427
2025-06-23,0.006182371347085569,0.0015087746618015823,92583.81512303212,98444.33464878684,100000.0,-0.0741618487696788,103572.3033235205,-0.04951100352297688
2025-06-24,-0.0026273322184869998,-0.00030000000000000003,92556.03997849522,98185.68867663658,100000.0,-0.07443960021504781,103572.3033235205,-0.05200825388673824
2025-06-25,0.005159424469217089,0.0002962792757040813,92583.4624149821,98692.27032132175,100000.0,-0.07416537585017902,103572.3033235205,-0.04711716207522565
2025-06-26,0.012432026364897153,0.0013409590326468048,92707.61304518118,99919.21522796797,100000.0,-0.07292386954818819,103572.3033235205,-0.03527089751148682
2025-06-27,0.0034363019928969063,-0.00030000000000000003,92679.80076126763,100262.56782638455,100000.0,-0.07320199238732372,103572.3033235205,-0.03195579697399975
2025-06-30,-0.0019943314624138566,-0.0007669828408309653,92608.7169443921,100062.61103286599,100000.0,-0.073912830556079,103572.3033235205,-0.03388639798510196
2025-07-01,0.0035014917313762385,0.00035934834063371416,92641.99573315428,100412.97943801749,100000.0,-0.07358004266845719,103572.3033235205,-0.030503559196076613
2025-07-02,-0.00493508240146201,-0.0008956049599640691,92559.0251022747,99917.43311031455,100000.0,-0.07440974897725305,103572.3033235205,-0.035288104019368105
2025-07-03,-0.0026946917703361216,-0.00030914770862547873,92530.41069175172,99648.18642559908,100000.0,-0.07469589308248281,103572.3033235205,-0.03788770522621254
2025-07-04,0.001586863430828278,-0.0007579339071937529,92460.27875604188,99806.31448858623,100000.0,-0.0753972124395812,103572.3033235205,-0.0363609644092856
2025-07-07,-0.0006835324861478754,-0.0001335576141210934,92447.92998181026,99738.09363031058,100000.0,-0.07552070018189738,103572.3033235205,-0.03701964299503213
2025-07-08,0.0034352218376181966,0.0002139921573400153,92467.71311378869,100080.71610759184,100000.0,-0.07532286886211315,103572.3033235205,-0.033711591843451294
2025-07-09,-0.0009870315677235175,0.00014270458388049328,92480.90868031098,99981.93328147326,100000.0,-0.0751909131968902,103572.3033235205,-0.034665349005827184
2025-07-10,-0.013827278393408448,-0.0009851522540557656,92389.80090466744,98599.45525567915,100000.0,-0.0761019909533256,103572.3033235205,-0.04801329996792736
2025-07-11,-0.0058658380504417965,-0.003308959411081535,92084.08680347599,98021.08681928755,100000.0,-0.07915913196524005,103572.3033235205,-0.053597499776489976
2025-07-14,-0.0044487121092003255,0.0004682227641643061,92127.20266913467,97585.01922339761,100000.0,-0.07872797330865333,103572.3033235205,-0.05780777203941179
2025-07-15,0.006337646578593504,0.001113131360912745,92229.75234761884,98203.47858660077,100000.0,-0.07770247652381168,103572.3033235205,-0.0518364906894998
2025-07-16,0.004177787814615063,-0.00031245484802112624,92200.93471436604,98613.75188279268,100000.0,-0.07799065285633955,103572.3033235205,-0.0478752647340398
2025-07-17,-0.0034084675893924386,-0.0006692251466731689,92139.23153030843,98277.63010563179,100000.0,-0.0786076846969157,103572.3033235205,-0.051120551035252704
2025-07-18,-0.005245185827364174,-0.002137856914380287,91942.25103709567,97762.1456730548,100000.0,-0.08057748962904332,103572.3033235205,-0.056097600072839704
2025-07-21,0.002048513024651888,0.0015024874924082113,92080.39311930277,97962.41270178396,100000.0,-0.07919606880697228,103572.3033235205,-0.05416400371258867
2025-07-22,-0.0032236591695773307,-0.002954644421356933,91808.32829945645,97646.61527180394,100000.0,-0.08191671700543546,103572.3033235205,-0.05721305659493692
2025-07-23,0.006060961709456259,-0.00026527779903459073,91783.97358819212,98238.44766802434,100000.0,-0.08216026411807875,103572.3033235205,-0.051498861030783605
2025-07-24,-0.006222983567789042,-0.0005085496050512559,91737.29688467382,97627.11142246112,100000.0,-0.08262703115326175,103572.3033235205,-0.057401368032618305
2025-07-25,-0.0092366992524896,-0.0007717937444210341,91666.49461280814,96725.35915536256,100000.0,-0.08333505387191864,103572.3033235205,-0.06610786811190905
2025-07-28,-0.00800243283600185,-0.002221574535622994,91462.85066260649,95951.32096518361,100000.0,-0.08537149337393513,103572.3033235205,-0.07358127717341412
2025-07-29,0.015062845691781268,0.0021379593855631604,91658.394522611,97396.62090680473,100000.0,-0.08341605477389002,103572.3033235205,-0.05962677490550039
2025-07-30,-0.011842040389220909,-0.005432455266183723,91160.46439459668,96243.24618825271,100000.0,-0.08839535605403315,103572.3033235205,-0.07076271261801137
2025-07-31,0.0024112001852302336,0.0001845568503615841,91177.28868278285,96475.307921289,100000.0,-0.08822711317217147,103572.3033235205,-0.0685221354985529
2025-08-01,-0.005911711445045509,-0.0014837067010657233,91042.0083285792,95904.97373928642,100000.0,-0.08957991671420795,103572.3033235205,-0.07402876385093271
2025-08-04,0.004783072768829033,0.001017399857292434,91134.63445486032,96363.69420757405,100000.0,-0.0886536554513968,103572.3033235205,-0.06959977604658929
2025-08-05,-0.004476141539698497,-0.00272954611538223,90885.87826740727,95932.35667301273,100000.0,-0.09114121732592728,103572.3033235205,-0.07376437913757183
2025-08-06,-0.00542784491561551,-0.00030000000000000003,90858.61250392706,95411.6507186021,100000.0,-0.09141387496072939,103572.3033235205,-0.07879184244293203
2025-08-07,0.0005383578650760667,0.0003981273374238597,90894.78580140526,95463.01633118637,100000.0,-0.09105214198594735,103572.3033235205,-0.07829590278593879
2025-08-08,-0.007032064378953628,-0.00349643349327191,90576.97822796546,94791.71425453636,100000.0,-0.09423021772034534,103572.3033235205,-0.08477738533589341
2025-08-11,0.010086210832154496,0.00030312920974872063,90604.43475579712,95747.80346964895,100000.0,-0.09395565244202886,103572.3033235205,-0.07554625708603568
2025-08-12,0.0006183462771530257,0.0007368792779943291,90671.19928626304,95807.00876746998,100000.0,-0.09328800713736962,103572.3033235205,-0.0749746245557047
2025-08-13,-0.0003059627868668202,-0.00109208063351639,90572.17902550481,95777.69538806612,100000.0,-0.09427820974495194,103572.3033235205,-0.07525764789749811
2025-08-14,0.01240974316192811,0.0012516575392132582,90685.54437622505,96966.27198847341,100000.0,-0.09314455623774953,103572.3033235205,-0.06378183281694871
2025-08-18,-0.00879284011336171,-0.0018101697701326635,90521.38814520718,96113.66306249001,100000.0,-0.09478611854792818,103572.3033235205,-0.0720138494722139
2025-08-19,0.006954910504885314,0.003730853630019138,90859.11019476311,96782.12498738634,100000.0,-0.09140889805236885,103572.3033235205,-0.06555978884551994
2025-08-20,0.008157632902663792,0.0035593531984645325,91182.50985924447,97571.63803457316,100000.0,-0.08817490140755535,103572.3033235205,-0.057936968633434116
2025-08-21,-0.0037656667896741602,-0.002072636579415798,90993.52165390726,97204.21575761226,100000.0,-0.09006478346092739,103572.3033235205,-0.06148446410443098
2025-08-22,-0.004187234870488788,-0.0021241295923006493,90800.23962185453,96797.19887583346,100000.0,-0.09199760378145472,103572.3033235205,-0.06541424908282845
2025-08-25,0.0001509382315746821,0.00024606611762079144,90822.58248429734,96811.80927385317,100000.0,-0.09177417515702657,103572.3033235205,-0.0652731843623301
2025-08-26,-0.006798989038937752,-0.0052831217518724445,90342.75572321333,96153.58684376052,100000.0,-0.0965724427678667,103572.3033235205,-0.07162838173625163
2025-08-28,-0.008732356874048875,-0.0012180472714911847,90232.71397610566,95313.93940872097,100000.0,-0.0976728602389434,103572.3033235205,-0.07973525401866888
2025-08-29,-0.0004177602199867958,-0.0004010444215940209,90196.52664952025,95274.12103642576,100000.0,-0.09803473350479752,103572.3033235205,-0.08011970402139623
2025-09-01,0.00690658083408473,-0.00030000000000000003,90169.4676915254,95932.1394547602,100000.0,-0.09830532308474604,103572.3033235205,-0.07376647639953826
2025-09-02,-0.001881331562165911,0.0009397953086575097,90254.20853424605,95751.65929297786,100000.0,-0.0974579146575395,103572.3033235205,-0.07550902876142396
2025-09-03,0.010653604755649648,0.003005870201977024,90525.50097028217,96771.75962578286,100000.0,-0.09474499029717831,103572.3033235205,-0.06565986735368168
2025-09-04,-0.006990462560842359,-0.001243407441275357,90412.94088875054,96095.28026317198,100000.0,-0.09587059111249463,103572.3033235205,-0.07219133707003822
2025-09-05,-0.004190933774602867,0.0003934272929999152,90448.51180733656,95692.55130753713,100000.0,-0.09551488192663438,103572.3033235205,-0.0760797217318806
2025-09-08,0.005082617517080468,5.769410272142858e-05,90453.73015306778,96178.91994506693,100000.0,-0.0954626984693222,103572.3033235205,-0.07138378834116921
2025-09-09,0.005166187082023832,-0.0006853394145694302,90391.73864659906,96675.79823885014,100000.0,-0.09608261353400949,103572.3033235205,-0.06658638326433941
2025-09-10,-0.00022644538596995335,-0.0016595012399506892,90241.73344423373,96653.90645040399,100000.0,-0.0975826655576627,103572.3033235205,-0.06679775047105085
2025-09-11,0.006327463470348982,0.00014986379023276282,90255.25741244487,97265.48051273545,100000.0,-0.09744742587555122,103572.3033235205,-0.0608929473267088
2025-09-12,0.0008246651755459023,-0.0013909061715801196,90129.72081789235,97345.69196729704,100000.0,-0.09870279182107655,103572.3033235205,-0.06011849844425965
2025-09-15,-0.0011225642322399976,-0.0002419372397412965,90107.91508201901,97236.4151753319,100000.0,-0.09892084917980992,103572.3033235205,-0.06117357580045013
2025-09-16,0.007351407141605026,-0.0001,90098.9042905108,97951.23965227591,100000.0,-0.09901095709489194,103572.3033235205,-0.05427188052086207
2025-09-17,0.009917621003742072,0.001526671589997142,90236.455727981,98922.6829239939,100000.0,-0.09763544272019009,103572.3033235205,-0.04489250745928619
2025-09-18,-0.0050539772453522145,-0.0007483868227891375,90168.92395357897,98422.72993544686,100000.0,-0.09831076046421028,103572.3033235205,-0.04971959899345224
2025-09-19,-0.007176255633375839,0.00024301316211007307,90190.83618891299,97716.42326529537,100000.0,-0.09809163811087007,103572.3033235205,-0.05653905407446225
2025-09-22,-0.00584712479377576,0.0003946833368573157,90226.43300909399,97145.06314406177,100000.0,-0.09773566990906013,103572.3033235205,-0.06205558796334254
2025-09-23,-0.002887429487343085,-0.001282173487825522,90110.74706878865,96864.5636241898,100000.0,-0.09889252931211345,103572.3033235205,-0.0647638363161459
2025-09-24,-0.0066838910962273455,-0.004668303702547572,89690.0827346081,96217.13142984213,100000.0,-0.10309917265391899,103572.3033235205,-0.07101485298346222
2025-09-25,-0.00765377918893898,-0.0001,89681.11372633463,95480.706751685,100000.0,-0.10318886273665373,103572.3033235205,-0.0781251001685308
2025-09-26,0.004122330767260008,0.0002751633406020921,89705.7906811765,95874.3098068072,100000.0,-0.102942093188235,103572.3033235205,-0.07432482690539077
2025-09-29,-0.004041553652709385,-0.0004,89669.90836490404,95486.82863980651,100000.0,-0.10330091635095962,103572.3033235205,-0.07806599278243365
2025-09-30,-0.0041181828036392695,0.0005601376833954011,89720.13585964584,95093.596424128,100000.0,-0.10279864140354156,103572.3033235205,-0.08186268555704734
2025-10-01,0.007350265130760048,0.0013730015581062019,89843.32174597464,95792.55957008284,100000.0,-0.10156678254025364,103572.3033235205,-0.07511413286944768
2025-10-03,0.004405715137637789,-0.0001,89834.33741380004,96214.59429985382,100000.0,-0.10165662586199964,103572.3033235205,-0.07103934920404331
2025-10-06,0.007190366237238577,0.002259565521203622,90037.32398524044,96906.41247023709,100000.0,-0.09962676014759564,103572.3033235205,-0.06435978190483704
2025-10-07,-0.0034922756050272284,-0.0002,90019.31652044339,96567.98856999658,100000.0,-0.09980683479556607,103572.3033235205,-0.06762729541357304
2025-10-08,0.0026006997052535953,-0.0015822404880673879,89876.88431313659,96819.1329094075,100000.0,-0.10123115686863415,103572.3033235205,-0.06520247399556856
2025-10-09,0.0026638947103824863,0.00032734949422115207,89906.30546575866,97077.0488854287,100000.0,-0.10093694534241338,103572.3033235205,-0.06271227181076677
2025-10-10,-0.0005102338218719082,-0.0001,89897.31483521208,97027.51689175985,100000.0,-0.10102685164787928,103572.3033235205,-0.06319050771051427
2025-10-13,-0.038543089154185764,-0.0002646105182676715,89873.52706014266,93287.77665779147,100000.0,-0.10126472939857345,103572.3033235205,-0.09929803949231553
2025-10-14,-0.0031356219315709865,0.0004499993012791474,89913.97008452323,92995.26145935581,100000.0,-0.10086029915476769,103572.3033235205,-0.10212230031349234
2025-10-15,0.0030738834736645957,0.000824567159526424,89988.11019143756,93281.11805668483,100000.0,-0.10011889808562435,103572.3033235205,-0.09936232889105412
2025-10-16,0.005220236855369487,4.137773587825661e-05,89991.83369569326,93768.06758707442,100000.0,-0.10008166304306743,103572.3033235205,-0.09466078692699698
2025-10-17,0.011756765067531327,0.00032187991707701726,90020.80025966084,94870.47672853206,100000.0,-0.09979199740339162,103572.3033235205,-0.08401692649247394
2025-10-20,0.006524437848680442,0.0032324577507725004,90311.78869319092,95489.45325762204,100000.0,-0.0968821130680908,103572.3033235205,-0.07804065185893094
2025-10-21,0.007210872083066977,-0.00030000000000000003,90284.69515658297,96178.01549034475,100000.0,-0.09715304843417039,103572.3033235205,-0.07139252093369786
2025-10-23,-0.0025955796999139746,-0.0021331435646206203,90092.10494012597,95928.37778576,100000.0,-0.09907895059874039,103572.3033235205,-0.07380279565555059
2025-10-24,-0.000623584634841523,-0.0012013337299930146,89983.87425565532,95868.55832332754,100000.0,-0.10016125744344684,103572.3033235205,-0.07438035800101295
2025-10-27,0.00870727977734671,0.0014069269132005238,90110.47499009964,96703.31268249963,100000.0,-0.09889525009900357,103572.3033235205,-0.06632072881072026
2025-10-28,0.001685658510049781,-0.0001,90101.46394260063,96866.3214444729,100000.0,-0.09898536057399365,103572.3033235205,-0.06474686440158295
2025-10-29,0.00081886561875264,0.00030175767756690535,90128.65275110534,96945.64194471882,100000.0,-0.09871347248894657,103572.3033235205,-0.06398101776401066
2025-10-30,-0.0037911530860096467,-0.0007843262447353559,90057.96248335001,96578.1061750849,100000.0,-0.09942037516649982,103572.3033235205,-0.06752960901707838
2025-10-31,-0.0015986783307748499,-0.00021207967273273437,90038.86302013956,96423.70884951553,100000.0,-0.09961136979860441,103572.3033235205,-0.06902032922523182
2025-11-03,0.0012701240432318017,3.047900249786474e-06,90039.13744961265,96546.17892046289,100000.0,-0.0996086255038735,103572.3033235205,-0.06783786956162074
2025-11-04,-0.0046757736857113265,-0.0001,90030.13353586769,96094.75083761061,100000.0,-0.09969866464132315,103572.3033235205,-0.07219644872194109
2025-11-06,-0.007413617160819575,-0.004159992202899366,89655.60888233248,95382.34114373622,100000.0,-0.10344391117667517,103572.3033235205,-0.07907482905156549
2025-11-07,-0.0011555740771455381,-0.00030000000000000003,89628.71219966779,95272.11978289306,100000.0,-0.10371287800332207,103572.3033235205,-0.08013902630610437
2025-11-10,0.009924214244650943,0.0015133027196033157,89764.34757359407,96217.62071116055,100000.0,-0.10235652426405928,103572.3033235205,-0.07101012892787284
2025-11-11,0.00786437702663606,-0.0001,89755.37113883671,96974.31235703897,100000.0,-0.10244628861163296,103572.3033235205,-0.06370420232783569
2025-11-12,0.001889692602705406,-0.0009832222095114695,89667.12166451008,97157.56399775251,100000.0,-0.10332878335489926,103572.3033235205,-0.061934891085030475
2025-11-13,-0.00551284273642193,-0.004588779709057035,89255.65899604643,96621.94962677905,100000.0,-0.10744341003953561,103572.3033235205,-0.06710629650700317
2025-11-14,0.001343054692299428,-0.004950653634088054,88813.78514347473,96751.71818960443,100000.0,-0.11186214856525267,103572.3033235205,-0.06585336924111018
2025-11-17,0.0007637163537092762,0.00036844491916364656,88846.50813136253,96825.6090590353,100000.0,-0.11153491868637477,103572.3033235205,-0.06513994618243724
2025-11-18,-0.0031584001830888496,-0.0007092380878888637,88783.49480381983,96519.79503765555,100000.0,-0.11216505196180171,103572.3033235205,-0.06809260834757713
2025-11-19,0.007024849902477459,-0.0001,88774.61645433946,97197.83211041297,100000.0,-0.1122538354566055,103572.3033235205,-0.0615460987982096
2025-11-20,-0.002127626826260054,-0.0027737945721151734,88528.3739050768,96991.03139536054,100000.0,-0.11471626094923193,103572.3033235205,-0.0635427784936149
2025-11-21,0.004770038337288551,0.00018403304592091757,88544.66605137697,97453.68233348957,100000.0,-0.11455333948623025,103572.3033235205,-0.0590758416457986
2025-11-24,-0.005320425516905802,-0.0014413798340035088,88417.03955532194,96935.18727528605,100000.0,-0.11582960444678059,103572.3033235205,-0.06408195854737941
2025-11-25,-0.007531260862328593,0.0009326934100998719,88499.50554545573,96205.14309317719,100000.0,-0.11500494454544274,103572.3033235205,-0.07113060146331873
2025-11-26,0.015576170919578103,0.0019300580194249186,88670.3147258489,97703.65084533898,100000.0,-0.11329685274151091,103572.3033235205,-0.05666237294974574
2025-11-27,-0.0024294957378048878,-0.0008566571269018719,88594.35466879437,97466.28024204225,100000.0,-0.11405645331205627,103572.3033235205,-0.0589542076939753
2025-11-28,0.0020932047623733684,0.0001230088143890587,88605.25255532375,97670.29712401572,100000.0,-0.11394747444676245,103572.3033235205,-0.05698440615990885
2025-12-01,-0.005474138401622119,-0.0012589574179629913,88493.70231534874,97135.6363998313,100000.0,-0.11506297684651257,103572.3033235205,-0.06214660403547745
2025-12-02,-0.004950813795284536,-0.0015626571606366824,88355.41699775441,96654.73595112927,100000.0,-0.1164458300224559,103572.3033235205,-0.06678974156617301
2025-12-03,-0.00015403759007123207,-0.0002,88337.74591435486,96639.84748853439,100000.0,-0.1166225408564514,103572.3033235205,-0.0669334910254119
2025-12-04,0.0022748230123765143,0.0006728795452949247,88397.18657665809,96859.68603751386,100000.0,-0.11602813423341907,103572.3033235205,-0.06481092985871872
2025-12-05,0.007395700674370476,-0.0004,88361.82770202741,97576.03128286083,100000.0,-0.11638172297972593,103572.3033235205,-0.05789455142201083
2025-12-08,-0.008969737248599174,-0.002468259609308765,88143.7277717058,96700.79992049247,100000.0,-0.11856272228294196,103572.3033235205,-0.06634498975622916
2025-12-09,-0.0005805496600384652,-0.0002,88126.09902615147,96644.66030397319,100000.0,-0.11873900973848528,103572.3033235205,-0.06688702285501935
2025-12-10,-0.0036130657980787293,-0.001407464387600199,88002.06468015403,96295.47678726196,100000.0,-0.11997935319845976,103572.3033235205,-0.07025842143848537
2025-12-11,0.0052742542847746265,-0.0002,87984.464267218,96803.36361831159,100000.0,-0.1201553573278199,103572.3033235205,-0.06535472793402408
2025-12-12,-0.003186054693120044,-0.00025804140874724485,87961.76063211061,96494.94280734567,100000.0,-0.1203823936788938,103572.3033235205,-0.0683325588894923
2025-12-15,0.002640335679295014,0.0006074584398889306,88015.1937459941,96749.72184771142,100000.0,-0.11984806254005909,103572.3033235205,-0.06587264410349092
2025-12-16,0.0014137043962821005,-0.0005016311336096033,87971.04258458043,96886.49735482661,100000.0,-0.12028957415419572,103572.3033235205,-0.06455206415377246
2025-12-17,-0.0024484008399848654,-0.0004493820605319885,87931.50997619663,96649.28037331985,100000.0,-0.12068490023803369,103572.3033235205,-0.06684241566566063
2025-12-18,0.00850604775057553,0.0022026616654080683,88125.19334240264,97471.38376723409,100000.0,-0.1187480665759737,103572.3033235205,-0.05890493269450092
2025-12-19,0.007015888559943795,-0.0002,88107.56830373415,98155.23213352852,100000.0,-0.11892431696265848,103572.3033235205,-0.05230231457797263
2025-12-22,0.005257693433750476,0.0013574365947122803,88227.16874122075,98671.30225300523,100000.0,-0.11772831258779248,103572.3033235205,-0.04731961068014878
2025-12-23,-0.00246787550869757,-0.0013720683936910949,88106.11503152607,98427.79376276374,100000.0,-0.11893884968473922,103572.3033235205,-0.04967070728056766
2025-12-24,-0.0028229916494895814,-0.002609390289281943,87876.21179053646,98149.93292289379,100000.0,-0.12123788209463537,103572.3033235205,-0.052353478938179876
2025-12-26,-0.003727555775202629,-0.0013990661332882958,87753.26715869864,97784.07357359129,100000.0,-0.12246732841301355,103572.3033235205,-0.05588588420061469
2025-12-29,-0.005371017170442504,-0.0005443114486759158,87705.50205072545,97258.87363543172,100000.0,-0.12294497949274552,103572.3033235205,-0.06095673732743023
2025-12-30,0.0008336299738620157,-0.0002,87687.9609503153,97339.95154771827,100000.0,-0.12312039049684698,103572.3033235205,-0.06017392271691324
2025-12-31,0.006201381318268096,0.0031108067320297695,87960.74124955751,97943.59370476742,100000.0,-0.12039258750442483,103572.3033235205,-0.05434570283882867
2026-01-01,-0.007937016132129836,9.098125458472152e-05,87968.74402815058,97166.21382149392,100000.0,-0.1203125597184942,103572.3033235205,-0.061851376250814716
2026-01-02,0.0032578802050309275,-0.00012557687607442884,87957.69718808334,97482.76970610076,100000.0,-0.12042302811916661,103572.3033235205,-0.05879500042012531
2026-01-05,-0.0065623275878654574,-0.0004,87922.5141092081,96843.05583711689,100000.0,-0.12077485890791895,103572.3033235205,-0.06497149595470508
2026-01-06,-0.0033440265827219483,-0.002169955725733208,87731.72614629597,96519.21008404555,100000.0,-0.12268273853704026,103572.3033235205,-0.06809825612783527
2026-01-07,0.00040311993205327523,-0.0033586046561037246,87437.069962373,96558.11890145647,100000.0,-0.12562930037626996,103572.3033235205,-0.06772258796016517
2026-01-08,-0.013804662618008778,-0.0005756914535046561,87386.73318847617,95225.16664699228,100000.0,-0.12613266811523838,103572.3033235205,-0.08059236309976547
2026-01-09,-0.004927710658228135,-0.0016106154622478775,87245.98676480749,94755.92457837434,100000.0,-0.12754013235192518,103572.3033235205,-0.08512293791137515
2026-01-12,0.00723260057944135,0.001009733363659027,87334.08194848926,95441.25633338539,100000.0,-0.12665918051510738,103572.3033235205,-0.07850599754199539
2026-01-13,-0.01101384931592798,-0.0007705487850105939,87266.78677775383,94390.08071760663,100000.0,-0.12733213222246165,103572.3033235205,-0.08865519363059926
2026-01-14,-0.002109525650337196,-0.0001,87258.06009907606,94190.96242119545,100000.0,-0.12741939900923938,103572.3033235205,-0.09057769887593692
2026-01-15,0.007912265091186765,0.0024472238355517603,87471.60010359452,94936.22628506595,100000.0,-0.12528399896405473,103572.3033235205,-0.08338210854960637
2026-01-16,-0.002486309377626883,-0.002955530169853325,87213.07515048301,94700.18545537688,100000.0,-0.1278692484951699,103572.3033235205,-0.08566110420882012
2026-01-19,-0.0071505964468104085,-0.0005,87169.46861290777,94023.02264574738,100000.0,-0.12830531387092226,103572.3033235205,-0.09219917266824507
2026-01-20,-0.014698131020421756,-0.0042691223211680845,86797.33148872804,92641.0599399641,100000.0,-0.13202668511271953,103572.3033235205,-0.10554214816881435
2026-01-21,0.007837351628559686,-9.303313497299439e-06,86796.52398594249,93367.12050195607,100000.0,-0.13203476014057514,103572.3033235205,-0.09853196746708726
2026-01-22,0.0010430946532913876,-0.0006360376044499458,86741.31813275188,93464.51124614487,100000.0,-0.13258681867248112,103572.3033235205,-0.0975916509822391
2026-01-23,-0.010078596278501861,-0.0022367329795112793,86547.30096579807,92522.52017092748,100000.0,-0.13452699034201931,103572.3033235205,-0.10668666041033859
2026-01-27,0.00931594831475271,-0.0008691057787155508,86472.08220639647,93384.45518679051,100000.0,-0.13527917793603528,103572.3033235205,-0.09836459950984211
2026-01-28,0.0008889810474195792,-0.0016140731551257947,86332.50993983929,93467.47219757517,100000.0,-0.13667490060160703,103572.3033235205,-0.09756306272712378
2026-01-29,-0.0017216128510082584,0.0024440206640156123,86543.5083781086,93306.55739628857,100000.0,-0.13456491621891398,103572.3033235205,-0.09911670975555731
2026-01-30,-0.015380985819354143,0.0002452846666558876,86564.73617371236,91871.4105601235,100000.0,-0.13435263826287647,103572.3033235205,-0.11297318286770008
2026-02-02,0.0666789297452619,0.014213436820633064,87795.11858221218,97997.29789046009,100000.0,-0.12204881417787827,103572.3033235205,-0.05382718404597231
2026-02-03,-0.031934125168101755,-0.005037657102669069,87352.83687950682,94867.83991349039,100000.0,-0.12647163120493177,103572.3033235205,-0.08404238518130347
2026-02-04,-0.00031898998544863664,-0.002141019673126542,87165.81273724439,94837.57802261683,100000.0,-0.12834187262755614,103572.3033235205,-0.08433456648752613
2026-02-05,-0.010120046092318058,-0.004804480615204399,86747.02627963974,93877.81736174414,100000.0,-0.13252973720360262,103572.3033235205,-0.0936011428798148
2026-02-06,0.017009538662413247,-0.0004,86712.3274691279,95474.63572570168,100000.0,-0.13287672530872108,103572.3033235205,-0.07818371647606193
2026-02-09,0.0016531744721401953,0.0010716531251434463,86805.25300584863,95632.4719562203,100000.0,-0.13194746994151374,103572.3033235205,-0.076659793328137
2026-02-10,0.00012731037802461432,-0.0005,86761.85037934572,95644.64696237647,100000.0,-0.13238149620654283,103572.3033235205,-0.07654224253738029
2026-02-11,-0.005122790796422039,-0.010450834566091294,85855.11663438322,95154.67944519059,100000.0,-0.1414488336561679,103572.3033235205,-0.08127292343819414
2026-02-12,-0.023236231351714865,-0.0020584389470680747,85678.38911849793,92943.64329940386,100000.0,-0.14321610881502067,103572.3033235205,-0.10262067833826904
2026-02-13,0.005599719692760696,0.009504112876756177,86492.68619977876,93464.10164910446,100000.0,-0.13507313800221232,103572.3033235205,-0.09759560567888359
2026-02-16,0.007154623767391166,-0.0009815387919820835,86407.79027305095,94132.80213216101,100000.0,-0.13592209726949045,103572.3033235205,-0.09113924175147547
2026-02-17,0.008792264042167885,0.0013545194091069026,86524.83130207384,94960.4425835361,100000.0,-0.13475168697926154,103572.3033235205,-0.08314829798738965
2026-02-18,0.004395431085731783,0.0017342370604280135,86674.88587116518,95377.83466478263,100000.0,-0.13325114128834814,103572.3033235205,-0.0791183395153573
2026-02-19,-0.018620834220091954,-0.0037768528098433224,86347.52758491982,93601.81981721836,100000.0,-0.13652472415080175,103572.3033235205,-0.09626592425156488
2026-02-20,0.009111849400005267,0.0027529534429753043,86585.23830827714,94454.70550295929,100000.0,-0.13414761691722854,103572.3033235205,-0.08803123545569225
2026-02-23,-0.004108549661142968,-0.006047549858416136,86061.60976260499,94066.63365467175,100000.0,-0.13938390237395015,103572.3033235205,-0.09177810441423362
2026-02-24,-0.00964712626183375,0.00036811743064333366,86093.29054126784,93159.16096277947,100000.0,-0.13906709458732158,103572.3033235205,-0.10053983571471159
2026-02-25,-0.0020454160452104686,0.000537128193138392,86139.5336748576,92968.61172018787,100000.0,-0.13860466325142407,103572.3033235205,-0.1023796059667682
2026-02-26,0.0027173642378775066,0.0010717451188311806,86231.85329961202,93221.24130092142,100000.0,-0.13768146700387984,103572.3033235205,-0.09994044440883287
2026-02-27,-0.03549626321552344,-0.005323737297067111,85772.77756600565,89912.23558242609,100000.0,-0.14227222433994346,103572.3033235205,-0.131889195303744
2026-03-02,-0.007932117279644624,0.002211190466242519,85962.43751402275,89199.04118491126,100000.0,-0.1403756248597725,103572.3033235205,-0.13877515201832125
2026-03-04,0.010200191677513293,0.005537582196588475,86438.46157757574,90108.88850244773,100000.0,-0.13561538422424257,103572.3033235205,-0.12999049349147107
2026-03-05,-0.0021737901335018408,0.00296232997308833,86694.52082313463,89913.01068968029,100000.0,-0.13305479176865365,103572.3033235205,-0.13188171157277218
2026-03-06,-0.03141933923567104,-0.009707792847584062,85852.90837396307,87088.00330512071,100000.0,-0.14147091626036923,103572.3033235205,-0.15915741457355737
2026-03-09,0.015756790857118876,0.005719278986515953,86343.92510875755,88460.23075936356,100000.0,-0.13656074891242442,103572.3033235205,-0.14590843381123386
2026-03-10,-0.0050599717127774,-0.0023401660704326904,86141.86598483007,88012.62449401543,100000.0,-0.1385813401516992,103572.3033235205,-0.15023011297627076
2026-03-11,-0.021799823765212223,-0.010152239448497658,85267.33313481169,86093.96479093209,100000.0,-0.14732666865188304,103572.3033235205,-0.1687549467543723
2026-03-12,-0.012773841380200546,-0.0033890044942465045,84978.3617596054,84994.21414090015,100000.0,-0.15021638240394608,103572.3033235205,-0.17937313921260845
2026-03-13,-0.014322949875487146,-0.004648344310596075,84583.35307519636,83776.84627205362,100000.0,-0.15416646924803645,103572.3033235205,-0.19112693660614455
2026-03-16,0.013982459755046328,0.007918823046399816,85253.15368086999,84948.25265345733,100000.0,-0.14746846319130014,103572.3033235205,-0.17981690155029872
2026-03-17,0.003450699431184967,-0.0008437950746335902,85181.21748969708,85241.38354056876,100000.0,-0.1481878251030292,103572.3033235205,-0.17698669619901097
2026-03-18,-0.015466764660460142,-0.012595809663929442,84108.29108725507,83922.97512201476,100000.0,-0.15891708912744928,103572.3033235205,-0.18971604928132868
2026-03-19,-0.0020799916989673985,-2.8800727085819797e-05,84105.86870731782,83748.41603040832,100000.0,-0.1589413129268219,103572.3033235205,-0.19140143317263003
2026-03-20,-0.01127772875526708,-0.009838848431612535,83278.36381289741,82803.92411073412,100000.0,-0.16721636187102584,103572.3033235205,-0.20052058848120669
2026-03-23,0.006979778807195946,0.0006092570292192132,83329.10174143231,83381.87718539489,100000.0,-0.1667089825856769,103572.3033235205,-0.1949403990278984
2026-03-24,0.005826012807317304,0.00364713118952118,83633.01390738827,83867.66106977516,100000.0,-0.16366986092611724,103572.3033235205,-0.19025011148198112
2026-03-25,0.004167194562622667,0.0011807213195592417,83731.76118992771,84217.15393096501,100000.0,-0.16268238810072289,103572.3033235205,-0.18687572614946446
2026-03-27,-0.030107834622614703,-0.00030000000000000003,83706.64166157074,81681.55778802423,100000.0,-0.16293358338429254,103572.3033235205,-0.21135713731419004
2026-03-30,0.01824009282565885,0.017635314367277406,85182.83460190157,83171.43698422221,100000.0,-0.1481716539809843,103572.3033235205,-0.19697221829250755
2026-04-01,-0.02173307394758156,-0.0009000000000000002,85106.17005075986,81363.86599391747,100000.0,-0.14893829949240145,103572.3033235205,-0.21442448045431906
2026-04-02,0.022093875049917132,0.018162369983469543,86651.89979909784,83161.50908276529,100000.0,-0.13348100200902158,103572.3033235205,-0.19706807308320295
2026-04-06,-0.0005810742402062363,-0.0005075156835452225,86607.92260094082,83113.1860720606,100000.0,-0.13392077399059188,103572.3033235205,-0.1975346361425736
2026-04-07,0.04767275578904551,0.017155806537383415,88093.75136568722,87075.42069452345,100000.0,-0.11906248634312777,103572.3033235205,-0.15927890082223095
2026-04-08,0.0022172582959712694,-0.0021607198779612807,87903.4054459872,87268.48939343357,100000.0,-0.12096594554012796,103572.3033235205,-0.157414804990481
2026-04-09,-0.0047172258671906555,-0.0009686425791330054,87818.25846462144,86856.8242178762,100000.0,-0.12181741535378565,103572.3033235205,-0.16138946966769185
2026-04-10,-0.01530253169751331,-0.003945244704525963,87471.79394545319,85527.69491213682,100000.0,-0.1252820605454681,103572.3033235205,-0.17422233388997033
2026-04-13,0.027752810381724325,0.005786677150200503,87977.96497676439,87901.32881141933,100000.0,-0.12022035023235611,103572.3033235205,-0.1513046829049558
2026-04-15,0.010642822950507058,0.0024064482374962512,88189.67939552123,88836.84709107358,100000.0,-0.11810320604478763,103572.3033235205,-0.14227216890618866
2026-04-16,-0.00963721582835667,-0.002704266766783691,87951.19097635862,87980.70722214619,100000.0,-0.12048809023641383,103572.3033235205,-0.15053827713642798
2026-04-17,0.0096005397465042,0.0026933386046749893,88188.07331434239,88825.36949875795,100000.0,-0.11811926685657614,103572.3033235205,-0.1423829861029423
2026-04-20,-0.00398529337717104,-0.0034005273564917658,87888.18735852066,88471.37434196977,100000.0,-0.12111812641479336,103572.3033235205,-0.14580084150857553
2026-04-21,0.005349309323790863,0.0005908594192320709,87940.11692186068,88944.63508962587,100000.0,-0.12059883078139322,103572.3033235205,-0.14123146598568304
2026-04-22,-0.015005761171255438,-0.005335837793966159,87470.88272238322,87609.95313800647,100000.0,-0.12529117277616786,103572.3033235205,-0.154117941508491
2026-04-23,-0.007516336508416788,0.0006478165157166153,87527.54780485509,86951.4472487346,100000.0,-0.12472452195144912,103572.3033235205,-0.1604758757065453
2026-04-24,-0.010618137608079248,-0.008794246368881396,86757.80898539515,86028.1848166259,100000.0,-0.13242191014604843,103572.3033235205,-0.16939005838359544
2026-04-27,0.00576944036478425,-0.002623951998214712,86530.16065914718,86524.51929861607,100000.0,-0.13469839340852818,103572.3033235205,-0.1645979038590426
2026-04-28,0.0007376912408108227,0.0003970678170416634,86564.51900114838,86588.34767861801,100000.0,-0.13435480998851623,103572.3033235205,-0.1639816350501645
2026-04-29,0.0019829019115514936,-0.006912922253411281,85966.10521138948,86760.04387874804,100000.0,-0.14033894788610513,103572.3033235205,-0.16232389263621327
2026-04-30,-0.001276591300950891,-0.0016293212822613863,85826.03880661546,86649.28676146231,100000.0,-0.14173961193384543,103572.3033235205,-0.16339326266788834
2026-05-01,0.0014536355707488124,-0.0008671132803780951,85751.61790856399,86775.24324687879,100000.0,-0.14248382091436007,103572.3033235205,-0.1621771413557742
2026-05-04,-0.004969388155195464,-0.007362043828149289,85120.31073918643,86344.02338092354,100000.0,-0.14879689260813567,103572.3033235205,-0.16634060834567288
2026-05-05,0.0014415273654777127,-0.0006000000000000001,85069.23855274291,86468.4906534726,100000.0,-0.1493076144725709,103572.3033235205,-0.1651388655191155
2026-05-06,0.010634940083660293,0.008431517722370364,85786.50134522893,87388.07787069681,100000.0,-0.14213498654771073,103572.3033235205,-0.15626016737573478
2026-05-07,-0.009913573877473247,-0.0007000000000000001,85726.45079428727,86521.74970471527,100000.0,-0.14273549205712732,103572.3033235205,-0.16462464453982228
2026-05-08,-0.01451519423292027,-0.011660219417168249,84726.8615681708,85265.86970237922,100000.0,-0.15273138431829192,103572.3033235205,-0.17675028008172167
2026-05-11,-0.015202550043489148,-0.004076718238636778,84381.4540263134,83969.61105122717,100000.0,-0.15618545973686604,103572.3033235205,-0.18926577514706766
2026-05-12,-0.015457270068760031,-0.007376684316667604,83758.99867777988,82671.67009563961,100000.0,-0.16241001322220128,103572.3033235205,-0.20179751301460636
2026-05-13,0.0060058742682632,0.005325895616992802,84205.09036172158,83168.18575178135,100000.0,-0.1579490963827842,103572.3033235205,-0.1970036092371572
2026-05-14,0.01021364743444957,0.004900757205200701,84617.75906502636,84017.63627881286,100000.0,-0.15382240934973646,103572.3033235205,-0.18880208721076996
2026-05-15,-0.003520249312205548,-6.714946579098276e-05,84612.07702770871,83721.87325248923,100000.0,-0.1538792297229129,103572.3033235205,-0.19165770610532884
2026-05-18,0.01025274254877091,-0.0007191197421879342,84551.23081269056,84580.25206464784,100000.0,-0.1544876918730944,103572.3033235205,-0.18336998067474375
2026-05-19,-0.002071769005415447,-0.0004,84517.41032036548,84405.02131995007,100000.0,-0.15482589679634517,103572.3033235205,-0.18506184943767368
2026-05-20,0.012020807404694444,0.009004745913544466,85278.46812557116,85419.63782522631,100000.0,-0.1472153187442884,103572.3033235205,-0.17526563488302616
2026-05-21,-0.007110633989558368,-0.002032744897748717,85105.11875460108,84812.2500451305,100000.0,-0.14894881245398928,103572.3033235205,-0.18113001909198378
2026-05-22,0.009369573961935673,0.0026792412102039547,85333.13589596769,85606.90469480654,100000.0,-0.14666864104032318,103572.3033235205,-0.17345755624065717
2026-05-25,0.0036805282865696397,-0.0017924852640630149,85180.17750733788,85921.98332906146,100000.0,-0.14819822492662116,103572.3033235205,-0.17041544339635029
2026-05-26,-0.003039361064640389,0.0028240780494123603,85420.73297688141,85660.83539833443,100000.0,-0.14579267023118592,103572.3033235205,-0.1729368503975185
2026-05-27,0.0009023276707447291,-0.0015903844419222321,85284.88117213738,85738.12954041344,100000.0,-0.14715118827862617,103572.3033235205,-0.17219056843217895
2026-05-28,0.002126635374927577,0.0015435770527582058,85416.52495766191,85920.46327967422,100000.0,-0.1458347504233809,103572.3033235205,-0.17043011961130805
2026-05-29,-0.007851009784371166,-0.004531165574086238,85029.48854031567,85245.90088178779,100000.0,-0.14970511459684333,103572.3033235205,-0.1769430808590593
2026-06-01,-0.012401422158559106,-0.0004,84995.47674489954,84188.73047766606,100000.0,-0.15004523255100455,103572.3033235205,-0.18715015717384909
2026-06-02,0.012066503225606396,0.007824891907740605,85660.55716307527,85204.59406553453,100000.0,-0.14339442836924732,103572.3033235205,-0.17734190192345356
2026-06-03,-0.009847371367007817,0.0011873383521071262,85762.26522785785,84365.55278559607,100000.0,-0.14237734772142152,103572.3033235205,-0.1854429217232897
2026-06-04,0.009586670099159322,0.0024221216084620916,85969.9918636569,85174.33750788479,100000.0,-0.14030008136343097,103572.3033235205,-0.17763403173691572
2026-06-05,-0.020902236838768316,-0.00030000000000000003,85944.2008660978,83394.00333270979,100000.0,-0.14055799133902203,103572.3033235205,-0.19482331997369373
2026-06-08,0.009340904377973257,0.0073890542780193245,86579.24723117841,84172.97874353702,100000.0,-0.13420752768821598,103572.3033235205,-0.18730224159819397
2026-06-09,-0.0032928593448623643,-0.0031544989989073283,86306.1330824615,83895.80896389647,100000.0,-0.136938669175385,103572.3033235205,-0.18997834100649602
2026-06-10,-0.007290739119819201,0.0005825543862864825,86356.41109885211,83284.14650749452,100000.0,-0.13643588901147885,103572.3033235205,-0.19588399760362085
2026-06-11,0.01166678436057469,0.0012000012012655771,86460.03889590772,84255.80468545196,100000.0,-0.1353996110409228,103572.3033235205,-0.1865025496027749
2026-06-12,0.02816567704152777,0.002995067042727873,86718.99250891783,86628.92646909645,100000.0,-0.13281007491082175,103572.3033235205,-0.1635898431407804
2026-06-15,-0.0023407749924295616,-0.00268054561332377,86486.5382939562,86426.14764439657,100000.0,-0.13513461706043806,103572.3033235205,-0.1655476911193705
2026-06-16,0.006699805493012268,-0.0006165256205410193,86433.21712726608,87005.18602312439,100000.0,-0.13566782872733918,103572.3033235205,-0.15995702295667524
2026-06-17,-0.007180990104614304,-0.008820786322575857,85670.80818781366,86380.40264324221,100000.0,-0.14329191812186337,103572.3033235205,-0.1659893632622741
2026-06-18,-0.008384895799831194,-0.0002,85653.6740261761,85656.11196793117,100000.0,-0.14346325973823904,103572.3033235205,-0.17298245554727076
2026-06-19,0.004129997501198768,0.0015330637417643182,85784.98656817453,86009.87149632114,100000.0,-0.14215013431825474,103572.3033235205,-0.16956687515523328
2026-06-22,-0.0019113349615155872,-0.00041373944757109286,85749.49393522192,85845.47782189475,100000.0,-0.1425050606477808,103572.3033235205,-0.17115411101994982
2026-06-23,-0.01341896859465166,-0.005847898035478683,85248.03963809484,84693.52005100988,100000.0,-0.1475196036190516,103572.3033235205,-0.18227636797397917
2026-06-24,0.014484507227410404,0.0019153016640098394,85411.31535026726,85920.26395430356,100000.0,-0.1458868464973273,103572.3033235205,-0.17043204411587398
2026-06-25,-0.004862696633548114,5.5471031861453916e-05,85416.0532040624,85502.4597760194,100000.0,-0.14583946795937608,103572.3033235205,-0.17446598142225123
2026-06-26,-0.002112159944496694,-0.0005937740854984662,85365.33536518426,85321.86490532456,100000.0,-0.14634664634815742,103572.3033235205,-0.17620964130911043
2026-06-29,9.253837790306197e-05,0.00010572560737330879,85374.36066711438,85329.76045230257,100000.0,-0.1462563933288562,103572.3033235205,-0.17613340908558495
2026-06-30,-0.011286087374958809,-0.0007000000000000001,85314.5986146474,84366.72132015358,100000.0,-0.14685401385352592,103572.3033235205,-0.18543163941595442
2026-07-01,0.0026354776752069097,0.00023144867434933314,85334.3445653994,84589.06793072325,100000.0,-0.146656554346006,103572.3033235205,-0.1832848626867053
2026-07-02,0.014041237213913515,-0.0005,85291.67739311671,85776.80309924239,100000.0,-0.14708322606883284,103572.3033235205,-0.17181717170749533
2026-07-03,-0.0040494833641906425,-0.0005634313911804689,85243.62138466699,85429.45136205853,100000.0,-0.1475637861533301,103572.3033235205,-0.1751708842931743
2026-07-06,0.005688620330335426,-0.002113876452718044,85063.42690067753,85915.42707588615,100000.0,-0.1493657309932247,103572.3033235205,-0.1704787446165117
2026-07-07,-0.0070202041930549465,-0.0030361696495904253,84805.15990563155,85312.28323447991,100000.0,-0.15194840094368456,103572.3033235205,-0.1763021532117831
2026-07-08,-0.014254400708804016,-0.005715133597569533,84320.48708700761,84096.20776387265,100000.0,-0.15679512912992388,103572.3033235205,-0.18804347238288144
2026-07-09,0.009686322066127462,0.0018366718380306796,84475.35615100936,84910.79071681348,100000.0,-0.15524643848990638,103572.3033235205,-0.1801785999526876
2026-07-10,-0.0038121869541065225,-0.00206511855014535,84300.90452599178,84587.09490817998,100000.0,-0.1569909547400823,103572.3033235205,-0.1833039123986453
2026-07-13,0.007833123106845485,0.005106262036626286,84731.36703442609,85249.67603584619,100000.0,-0.15268632965573914,103572.3033235205,-0.17690663140358465
2026-07-14,-0.002377702979361784,-0.0002,84714.42076101921,85046.97762714613,100000.0,-0.15285579238980795,103572.3033235205,-0.17886370295838927
2026-07-15,0.0010979961554956064,0.0015702726097618915,84847.4454955921,85140.35888161726,100000.0,-0.151525545044079,103572.3033235205,-0.17796209846109967
2026-07-16,0.002321974609339672,-0.0004097630768555179,84812.67814526249,85338.05263317043,100000.0,-0.15187321854737512,103572.3033235205,-0.17605334732581157
2026-07-17,0.005030532813529687,-0.0002,84795.71560963344,85767.34850718432,100000.0,-0.15204284390366563,103572.3033235205,-0.17190845665293608
2026-07-20,0.0012896283184822166,0.0001884944555869629,84811.69913188339,85877.95650862031,100000.0,-0.1518830086811661,103572.3033235205,-0.17084052634834024
2026-07-21,-0.008612592152112608,-0.0016814814814814839,84669.08983038015,85138.3246943547,100000.0,-0.1533091016961985,103572.3033235205,-0.17798173872396228
2026-07-22,-0.012364203848376776,-0.005980088329904365,84162.76119438188,84085.6570925244,100000.0,-0.15837238805618126,103572.3033235205,-0.1881453400734675
2026-07-23,-0.010970958540609255,-0.0042137814140959075,83808.117715502,83163.15683470243,100000.0,-0.16191882284498005,103572.3033235205,-0.19705216388852187
2026-07-24,0.01822431639486908,0.00312526549349782,84070.04033387326,84678.74851725416,100000.0,-0.15929959666126747,103572.3033235205,-0.18241898847465088
2026-07-27,0.0013828412675454204,0.0016142496216006057,84205.75036467017,84795.84578518792,100000.0,-0.15794249635329838,103572.3033235205,-0.1812884037123521
2026-07-28,0.014091875244138675,0.0007969218428836358,84272.85576643217,85990.778265214,100000.0,-0.15727144233567825,103572.3033235205,-0.16975122203653703
2026-07-29,0.00589875035879125,0.0016059331454555184,84408.19233876967,86498.01639935866,100000.0,-0.15591807661230328,103572.3033235205,-0.1648537917596392
2026-07-30,0.00016287284198264197,0.0019394805949309536,84571.9003898639,86512.1045771155,100000.0,-0.15428099610136092,103572.3033235205,-0.16471776912323188
2026-07-31,0.009288127077977482,-0.0001,84563.44319982492,87315.63999821103,100000.0,-0.15436556800175083,103572.3033235205,-0.15695956161687197
2026-08-03,0.009555005371535853,0.003554038608484101,84863.98494182345,88149.94140741302,100000.0,-0.15136015058176544,103572.3033235205,-0.14890430569969926
2026-08-04,-0.0008131251711297027,-0.0029756803106277697,84611.45685275065,88078.26447122105,100000.0,-0.15388543147249356,103572.3033235205,-0.14959635303177488
2026-08-05,-0.003152985827058219,-0.0009187161639597873,84533.72293968384,87800.5549516714,100000.0,-0.15466277060316158,103572.3033235205,-0.15227766367794437
2026-08-06,-0.002275850545914748,-0.0027710725938113515,84299.47385679284,87600.73401075302,100000.0,-0.1570052614320716,103572.3033235205,-0.1542069530198471
2026-08-07,0.008610683500044514,0.0034279562872163174,84588.44876820927,88355.0362056912,100000.0,-0.15411551231790732,103572.3033235205,-0.14692409678576268
2026-08-10,-0.005638347520794562,-0.00030000000000000003,84563.0722335788,87856.85980635112,100000.0,-0.15436927766421193,103572.3033235205,-0.1517340351897003
2026-08-11,-0.003439465555557952,0.00038833871399272004,84595.91134830126,87554.67916322769,100000.0,-0.15404088651698733,103572.3033235205,-0.15465161675761752
2026-08-12,-0.0038161325245576806,-0.0017916423487522866,84444.34573099836,87220.55890439569,100000.0,-0.1555565426900164,103572.3033235205,-0.15787757821749093
2026-08-13,-0.005168432141056012,-0.004713587922921526,84046.30988280172,86769.76536439333,100000.0,-0.15953690117198271,103572.3033235205,-0.16223003080893572
