Ticker,Signal_Date,Entry_Date,Exit_Date,Entry_Session,Exit_Session,Entry_Price,Exit_Price,Gross_Return,Target
BHARTIARTL.NS,2024-09-20,2024-09-23,2024-09-30,720,725,1683.560492607718,1678.6635070934378,-0.002908707786730691,Target_5D
BHARTIARTL.NS,2024-09-30,2024-10-01,2024-10-09,726,731,1669.849119882148,1632.3876817078933,-0.022434025762099186,Target_5D
BHARTIARTL.NS,2024-10-09,2024-10-10,2024-10-17,732,737,1651.8284230480383,1700.94452463547,0.02973438457778821,Target_5D
BHARTIARTL.NS,2024-10-17,2024-10-18,2024-10-25,738,743,1674.7460796655953,1646.4417446081984,-0.01690067252645755,Target_5D
BHARTIARTL.NS,2024-10-25,2024-10-28,2024-11-04,744,749,1623.964992196376,1585.769041276362,-0.023520181225307524,Target_5D
BHARTIARTL.NS,2024-11-04,2024-11-05,2024-11-12,750,755,1550.6092399545469,1536.457166384607,-0.009126782689850788,Target_5D
BHARTIARTL.NS,2024-11-12,2024-11-13,2024-11-22,756,761,1527.7405989044787,1501.3951037772642,-0.017244743738633717,Target_5D
BHARTIARTL.NS,2024-11-22,2024-11-25,2024-12-02,762,767,1549.3358840882354,1593.6040315246044,0.028572337277542825,Target_5D
BHARTIARTL.NS,2024-12-03,2024-12-04,2024-12-11,769,774,1596.1504133252606,1555.261135337031,-0.02561743407568029,Target_5D
BHARTIARTL.NS,2024-12-11,2024-12-12,2024-12-19,775,780,1545.9570211024627,1553.6941612863984,0.005004757621539957,Target_5D
BHARTIARTL.NS,2024-12-19,2024-12-20,2024-12-30,781,786,1576.807669830779,1571.9106569019648,-0.0031056501198651887,Target_5D
BHARTIARTL.NS,2024-12-30,2024-12-31,2025-01-07,787,792,1550.3642851826976,1561.1374503989834,0.00694879604699894,Target_5D
BHARTIARTL.NS,2025-01-07,2025-01-08,2025-01-15,793,798,1565.7895498054063,1574.89790648964,0.005817101465114272,Target_5D
BHARTIARTL.NS,2025-01-16,2025-01-17,2025-01-24,800,805,1596.493273007769,1600.3618846597449,0.002423193205623342,Target_5D
BHARTIARTL.NS,2025-01-24,2025-01-27,2025-02-01,806,811,1605.1607516842505,1593.457234669187,-0.007291180651397888,Target_5D
BHARTIARTL.NS,2025-02-01,2025-02-03,2025-02-10,812,817,1586.503594361229,1663.8258611521812,0.048737530167452414,Target_5D
BHARTIARTL.NS,2025-02-10,2025-02-11,2025-02-18,818,823,1670.828463566607,1657.1171467569811,-0.008206298317636529,Target_5D
BHARTIARTL.NS,2025-02-18,2025-02-19,2025-02-27,824,829,1635.570745505947,1609.5191920486086,-0.015928111656998034,Target_5D
BHARTIARTL.NS,2025-02-27,2025-02-28,2025-03-07,830,835,1608.0990279635016,1595.416028168622,-0.007886951968960165,Target_5D
BHARTIARTL.NS,2025-03-07,2025-03-10,2025-03-18,836,841,1606.1891532670866,1605.356689453125,-0.0005182850427474239,Target_5D
BHARTIARTL.NS,2025-03-18,2025-03-19,2025-03-26,842,847,1601.2921285732214,1703.295125819835,0.06370043006300175,Target_5D
BHARTIARTL.NS,2025-03-27,2025-03-28,2025-04-07,849,854,1697.5657818317122,1694.333698317519,-0.0019039518519898824,Target_5D
BHARTIARTL.NS,2025-04-09,2025-04-11,2025-04-22,857,862,1723.7151821461289,1849.07626343304,0.07272725945990044,Target_5D
BHARTIARTL.NS,2025-04-28,2025-04-29,2025-05-07,867,872,1786.1019171638045,1861.808309777994,0.04238637889959018,Target_5D
BHARTIARTL.NS,2025-05-07,2025-05-08,2025-05-15,873,878,1857.8906915674736,1811.7618129469204,-0.024828628955363863,Target_5D
BHARTIARTL.NS,2025-05-15,2025-05-16,2025-05-23,879,884,1796.1894781581625,1787.375067359596,-0.004907283393957407,Target_5D
BHARTIARTL.NS,2025-08-28,2025-08-29,2025-09-05,952,957,1849.2270046952608,1863.5467635620544,0.007743645766817853,Target_5D
BHARTIARTL.NS,2025-09-05,2025-09-08,2025-09-15,958,963,1874.410068314628,1880.335560104358,0.003161256914853139,Target_5D
BHARTIARTL.NS,2025-09-15,2025-09-16,2025-09-23,964,969,1879.6442589226008,1925.7638508912387,0.02453634071963884,Target_5D
BHARTIARTL.NS,2025-09-23,2025-09-24,2025-10-01,970,975,1902.062044033937,1844.7829920417032,-0.03011418695404644,Target_5D
BHARTIARTL.NS,2025-10-07,2025-10-08,2025-10-15,979,984,1905.024822261605,1932.874211233326,0.014618911337154428,Target_5D
BHARTIARTL.NS,2025-10-21,2025-10-23,2025-10-30,989,994,2038.248079880311,2044.2723734029337,0.00295562330321264,Target_5D
BHARTIARTL.NS,2025-11-07,2025-11-10,2025-11-17,1000,1005,1970.2044759274668,2085.75028789569,0.05864660921239162,Target_5D
BHARTIARTL.NS,2025-11-17,2025-11-18,2025-11-25,1006,1011,2095.626147902284,2132.166105295353,0.017436295796196877,Target_5D
BHARTIARTL.NS,2025-11-27,2025-11-28,2025-12-05,1014,1019,2091.675807612178,2066.5914834930163,-0.011992453145880821,Target_5D
BHARTIARTL.NS,2025-12-05,2025-12-08,2025-12-15,1020,1025,2088.120455805432,2044.3712473643943,-0.020951477353428172,Target_5D
BHARTIARTL.NS,2025-12-15,2025-12-16,2025-12-23,1026,1031,2044.371089167985,2130.1909203006003,0.04197859751946598,Target_5D
BHARTIARTL.NS,2025-12-23,2025-12-24,2026-01-01,1032,1037,2084.76282548779,2088.5156239635,0.001800108112936849,Target_5D
BHARTIARTL.NS,2026-01-01,2026-01-02,2026-01-09,1038,1043,2081.800160766766,2044.469811383136,-0.01793176409875996,Target_5D
BHARTIARTL.NS,2026-01-15,2026-01-16,2026-01-23,1048,1053,1994.893733023803,1984.030498573622,-0.005445520365495726,Target_5D
BHARTIARTL.NS,2026-01-23,2026-01-27,2026-02-03,1054,1059,1947.5891560827583,2024.5209047467763,0.03950101510051174,Target_5D
BHARTIARTL.NS,2026-02-03,2026-02-04,2026-02-11,1060,1065,1983.0428892327327,1987.88202409934,0.002440257289886283,Target_5D
BHARTIARTL.NS,2026-02-11,2026-02-12,2026-02-19,1066,1071,1994.1036945654223,2006.7446467170569,0.006339164902048555,Target_5D
BHARTIARTL.NS,2026-02-19,2026-02-20,2026-02-27,1072,1077,1956.4772072700264,1886.2610149406053,-0.03588909294138798,Target_5D
BHARTIARTL.NS,2026-03-04,2026-03-05,2026-03-12,1080,1085,1895.1490717919385,1775.554221233877,-0.06310577481114976,Target_5D
BHARTIARTL.NS,2026-03-12,2026-03-13,2026-03-20,1086,1091,1758.9629549302274,1811.2055640682024,0.02970080125425234,Target_5D
BHARTIARTL.NS,2026-03-20,2026-03-23,2026-04-01,1092,1097,1804.2925410683088,1788.4913480380824,-0.008757556034051261,Target_5D
BHARTIARTL.NS,2026-04-01,2026-04-02,2026-04-10,1098,1103,1743.0630952863276,1844.7829143340573,0.05835693459565827,Target_5D
BHARTIARTL.NS,2026-04-23,2026-04-24,2026-05-01,1112,1117,1822.0687964600484,1863.349365234375,0.022655878227280546,Target_5D
BHARTIARTL.NS,2026-05-01,2026-05-04,2026-05-11,1118,1123,1849.9182415409805,1791.4541675863445,-0.03160359881955399,Target_5D
BHARTIARTL.NS,2026-05-14,2026-05-15,2026-05-22,1127,1132,1859.7939872467944,1867.7934378406023,0.004301256294332978,Target_5D
BHARTIARTL.NS,2026-05-22,2026-05-25,2026-06-01,1133,1138,1868.978497186093,1807.255218040733,-0.03302514140119295,Target_5D
BHARTIARTL.NS,2026-06-01,2026-06-02,2026-06-09,1139,1144,1762.8145806943191,1814.1682067158624,0.029131609520336887,Target_5D
BHARTIARTL.NS,2026-06-09,2026-06-10,2026-06-17,1145,1150,1776.6405954077302,1829.969389552104,0.030016647307406163,Target_5D
BHARTIARTL.NS,2026-06-26,2026-06-29,2026-07-06,1158,1163,1814.267000415026,1892.9764601311329,0.04338361426300619,Target_5D
BHARTIARTL.NS,2026-07-06,2026-07-07,2026-07-14,1164,1169,1899.593162091344,1861.5717235105217,-0.020015569301672476,Target_5D
BHARTIARTL.NS,2026-07-14,2026-07-15,2026-07-22,1170,1175,1929.417809863854,1918.2582993880103,-0.005783874502864217,Target_5D
BHARTIARTL.NS,2026-07-22,2026-07-23,2026-07-30,1176,1181,1923.788710512688,1954.0,0.01570405799879171,Target_5D
BHARTIARTL.NS,2026-08-04,2026-08-05,2026-08-12,1185,1190,2020.0,1908.5999755859373,-0.05514852693765482,Target_5D
HDFCBANK.NS,2024-09-16,2024-09-17,2024-09-24,716,721,814.3417351276187,856.5633141386422,0.051847494964023744,Target_5D
HDFCBANK.NS,2024-09-30,2024-10-01,2024-10-09,726,731,836.6658121791694,800.5105298956967,-0.0432135289349318,Target_5D
HDFCBANK.NS,2024-10-29,2024-10-30,2024-11-06,746,751,845.4012662208864,859.7177486791857,0.016934541063910125,Target_5D
HDFCBANK.NS,2024-11-06,2024-11-07,2024-11-14,752,757,846.5174388742477,811.9637453515568,-0.04081864346308395,Target_5D
HDFCBANK.NS,2024-11-19,2024-11-21,2024-11-28,760,765,848.9925368361551,882.7697308653094,0.03978503056696825,Target_5D
HDFCBANK.NS,2024-12-17,2024-12-18,2024-12-26,779,784,888.0353013877913,872.8452779528201,-0.01710520224954204,Target_5D
HDFCBANK.NS,2024-12-30,2024-12-31,2025-01-07,787,792,859.1354326463724,832.2980215119891,-0.031237695611874283,Target_5D
HDFCBANK.NS,2025-01-13,2025-01-14,2025-01-21,797,802,795.8516298211142,804.756952160241,0.011189676574675733,Target_5D
HDFCBANK.NS,2025-01-22,2025-01-23,2025-01-30,804,809,818.7094808723397,815.7976693049923,-0.003556587086599783,Target_5D
HDFCBANK.NS,2025-02-01,2025-02-03,2025-02-10,812,817,810.4593568422229,833.4142336911924,0.028323291791470195,Target_5D
HDFCBANK.NS,2025-02-10,2025-02-11,2025-02-18,818,823,826.4744131617251,831.3516624481879,0.005901270757801891,Target_5D
HDFCBANK.NS,2025-02-18,2025-02-19,2025-02-27,824,829,833.2686021535318,816.5498559350805,-0.02006405398600497,Target_5D
HDFCBANK.NS,2025-02-27,2025-02-28,2025-03-07,830,835,817.7388430279666,816.2829914666041,-0.0017803380306256056,Target_5D
HDFCBANK.NS,2025-03-07,2025-03-10,2025-03-18,836,841,819.6801059027778,830.0656127929688,0.012670195135152884,Target_5D
HDFCBANK.NS,2025-03-18,2025-03-19,2025-03-26,842,847,842.004146653194,885.681575218163,0.051873175136462724,Target_5D
HDFCBANK.NS,2025-04-01,2025-04-02,2025-04-09,851,856,859.3294691298255,856.5632934570312,-0.0032189931477566436,Target_5D
HDFCBANK.NS,2025-04-11,2025-04-15,2025-04-23,858,863,905.0937456982635,960.370058186636,0.0610724720517517,Target_5D
HDFCBANK.NS,2025-04-28,2025-04-29,2025-05-07,867,872,931.2032084346736,938.5798853771296,0.007921661862458462,Target_5D
HDFCBANK.NS,2025-05-16,2025-05-19,2025-05-26,880,885,940.0357230243618,939.0650610496284,-0.0010325798806990472,Target_5D
HDFCBANK.NS,2025-06-03,2025-06-04,2025-06-11,892,897,932.2708984103568,954.886101658722,0.024258188566142147,Target_5D
HDFCBANK.NS,2025-06-24,2025-06-25,2025-07-02,907,912,954.1096083800328,991.051539922754,0.03871875015014714,Target_5D
HDFCBANK.NS,2025-07-10,2025-07-11,2025-07-18,919,924,980.3063919997392,974.8602851924708,-0.005555514940751127,Target_5D
HDFCBANK.NS,2025-07-18,2025-07-21,2025-07-28,925,930,970.5916382285528,985.205265864704,0.015056412048658041,Target_5D
HDFCBANK.NS,2025-07-31,2025-08-01,2025-08-08,934,939,990.6157884442932,977.3846207407717,-0.013356508000241352,Target_5D
HDFCBANK.NS,2025-08-08,2025-08-11,2025-08-19,940,945,971.8757166821836,982.8935135816984,0.011336631536723374,Target_5D
HDFCBANK.NS,2025-08-19,2025-08-20,2025-08-28,946,951,977.3354453835108,951.266572354668,-0.026673414079045554,Target_5D
HDFCBANK.NS,2025-09-09,2025-09-10,2025-09-17,960,965,958.0543466125588,949.4467082101404,-0.008984499086980624,Target_5D
HDFCBANK.NS,2025-09-17,2025-09-18,2025-09-25,966,971,957.4640913046234,937.0024763946196,-0.02137063425754493,Target_5D
HDFCBANK.NS,2025-09-25,2025-09-26,2025-10-06,972,977,929.7228805294212,956.0868643620496,0.02835681941872359,Target_5D
HDFCBANK.NS,2025-10-06,2025-10-07,2025-10-14,978,983,958.152702071406,954.2177737318784,-0.00410678624714067,Target_5D
HDFCBANK.NS,2025-10-14,2025-10-15,2025-10-23,984,989,959.1364356766506,999.469340209832,0.042051269280295234,Target_5D
HDFCBANK.NS,2025-10-23,2025-10-24,2025-10-31,990,995,994.5506701933195,977.8272677237644,-0.01681503313079513,Target_5D
HDFCBANK.NS,2025-11-11,2025-11-12,2025-11-19,1002,1007,982.549186657653,973.8923481205824,-0.008810590507452032,Target_5D
HDFCBANK.NS,2025-11-19,2025-11-20,2025-11-27,1008,1013,979.106143718625,985.795449877166,0.006832054115333275,Target_5D
HDFCBANK.NS,2025-11-27,2025-11-28,2025-12-05,1014,1019,990.615779865885,975.8598190407668,-0.014895745782603997,Target_5D
HDFCBANK.NS,2025-12-05,2025-12-08,2025-12-15,1020,1025,983.7296369469886,975.8597989154724,-0.008000000951420283,Target_5D
HDFCBANK.NS,2025-12-15,2025-12-16,2025-12-23,1026,1031,973.9906989646398,974.3842218605324,0.00040403147207768164,Target_5D
HDFCBANK.NS,2025-12-23,2025-12-24,2026-01-01,1032,1037,976.8435431850352,977.3354223369146,0.0005035393388337361,Target_5D
HDFCBANK.NS,2026-01-01,2026-01-02,2026-01-09,1038,1043,975.0236621058956,929.6245460388378,-0.04656206595951007,Target_5D
HDFCBANK.NS,2026-01-15,2026-01-16,2026-01-23,1048,1053,906.9987674975428,905.0312717738811,-0.0021692374831886463,Target_5D
HDFCBANK.NS,2026-01-27,2026-01-28,2026-02-04,1055,1060,917.3279002643548,937.0024986247718,0.021447726984807902,Target_5D
HDFCBANK.NS,2026-02-04,2026-02-05,2026-02-12,1061,1066,940.4455315704454,911.9174149760892,-0.030334682484712605,Target_5D
HDFCBANK.NS,2026-02-12,2026-02-13,2026-02-20,1067,1072,898.1451529282086,896.1777087970013,-0.0021905636575478837,Target_5D
HDFCBANK.NS,2026-02-20,2026-02-23,2026-03-02,1073,1078,901.5882362795462,861.9439110956672,-0.043971653121244736,Target_5D
HDFCBANK.NS,2026-03-04,2026-03-05,2026-03-12,1080,1085,859.6321193633155,806.7566625998296,-0.061509401024531285,Target_5D
HDFCBANK.NS,2026-03-12,2026-03-13,2026-03-20,1086,1091,806.6583423777922,772.2277890336613,-0.04268294460656008,Target_5D
HDFCBANK.NS,2026-03-20,2026-03-23,2026-04-01,1092,1097,750.7333447737776,730.9111370884557,-0.02640379280248306,Target_5D
HDFCBANK.NS,2026-04-01,2026-04-02,2026-04-10,1098,1103,718.1226435138951,790.9186649096054,0.1013699011627136,Target_5D
HDFCBANK.NS,2026-04-13,2026-04-15,2026-04-22,1105,1110,791.8531825431569,796.8210214869076,0.006273686907206422,Target_5D
HDFCBANK.NS,2026-04-22,2026-04-23,2026-04-30,1111,1116,779.1138736217773,757.4718126650201,-0.027777789216038795,Target_5D
HDFCBANK.NS,2026-04-30,2026-05-01,2026-05-08,1117,1122,759.1441650390625,771.2440360478325,0.01593883160275289,Target_5D
HDFCBANK.NS,2026-05-08,2026-05-11,2026-05-18,1123,1128,759.3901026416063,746.6507839481793,-0.016775723898839523,Target_5D
HDFCBANK.NS,2026-05-18,2026-05-19,2026-05-26,1129,1134,754.2255287138954,771.2932224692265,0.02262942993249628,Target_5D
HDFCBANK.NS,2026-05-26,2026-05-27,2026-06-03,1135,1140,756.9799611769273,732.3375535846441,-0.03255357982524398,Target_5D
HDFCBANK.NS,2026-06-03,2026-06-04,2026-06-11,1141,1146,736.9610714527732,730.9111639255492,-0.008209263367599418,Target_5D
HDFCBANK.NS,2026-06-11,2026-06-12,2026-06-19,1147,1152,742.4207572291352,788.7000122070312,0.06233561565630197,Target_5D
HDFCBANK.NS,2026-06-19,2026-06-22,2026-06-29,1153,1158,789.9000244140625,800.0,0.012786397358867774,Target_5D
HDFCBANK.NS,2026-06-30,2026-07-01,2026-07-08,1160,1165,793.5,825.9000244140625,0.040831788801590996,Target_5D
HDFCBANK.NS,2026-07-08,2026-07-09,2026-07-16,1166,1171,813.0,814.5,0.0018450184501845879,Target_5D
HDFCBANK.NS,2026-07-16,2026-07-17,2026-07-24,1172,1177,810.0,738.5,-0.08827160493827158,Target_5D
HDFCBANK.NS,2026-07-24,2026-07-27,2026-08-03,1178,1183,746.0999755859375,753.0499877929688,0.009315121879709398,Target_5D
ICICIBANK.NS,2024-09-12,2024-09-13,2024-09-20,714,719,1232.0267776590283,1274.340862241716,0.034345101380903964,Target_5D
ICICIBANK.NS,2024-10-03,2024-10-04,2024-10-11,728,733,1227.2048887996382,1217.2660367252977,-0.008098771578445962,Target_5D
ICICIBANK.NS,2024-10-11,2024-10-14,2024-10-21,734,739,1201.5213486036762,1244.3274858742436,0.03562661397595113,Target_5D
ICICIBANK.NS,2024-10-21,2024-10-22,2024-10-29,740,745,1246.3938747133964,1280.5895925975442,0.027435723632716735,Target_5D
ICICIBANK.NS,2024-10-29,2024-10-30,2024-11-06,746,751,1302.878217992093,1279.507133687592,-0.017938042083870953,Target_5D
ICICIBANK.NS,2024-11-06,2024-11-07,2024-11-14,752,757,1276.4566433011378,1233.7489248013048,-0.03345802516988228,Target_5D
ICICIBANK.NS,2024-11-14,2024-11-18,2024-11-26,758,763,1239.8991689148563,1289.691969633128,0.04015874997468538,Target_5D
ICICIBANK.NS,2024-11-26,2024-11-27,2024-12-04,764,769,1277.7849738450243,1281.819549984778,0.0031574765882658173,Target_5D
ICICIBANK.NS,2024-12-04,2024-12-05,2024-12-12,770,775,1295.2517607717805,1300.467319981326,0.004026676023538345,Target_5D
ICICIBANK.NS,2024-12-12,2024-12-13,2024-12-20,776,781,1304.206657466483,1263.4669884903512,-0.031237126986662922,Target_5D
ICICIBANK.NS,2024-12-20,2024-12-23,2024-12-31,782,787,1273.9964575675249,1266.3701041548643,-0.005986165320445047,Target_5D
ICICIBANK.NS,2025-01-01,2025-01-02,2025-01-09,789,794,1264.5988495821298,1237.9311554007072,-0.02108786844953603,Target_5D
ICICIBANK.NS,2025-01-09,2025-01-10,2025-01-17,795,800,1238.9151869887507,1223.5148565707311,-0.012430496114468448,Target_5D
ICICIBANK.NS,2025-01-17,2025-01-20,2025-01-27,801,806,1204.3750868195866,1175.9360540216949,-0.023613102852360734,Target_5D
ICICIBANK.NS,2025-01-27,2025-01-28,2025-02-03,807,812,1227.4510739082264,1226.9589513144845,-0.00040093051707146277,Target_5D
ICICIBANK.NS,2025-02-04,2025-02-05,2025-02-12,814,819,1249.9364358288246,1237.143835807144,-0.010234600460461096,Target_5D
ICICIBANK.NS,2025-02-12,2025-02-13,2025-02-20,820,825,1232.5681139223714,1235.323399403501,0.002235402206180348,Target_5D
ICICIBANK.NS,2025-02-24,2025-02-25,2025-03-05,828,833,1207.0320830347105,1197.585095171068,-0.007826625320423108,Target_5D
ICICIBANK.NS,2025-03-05,2025-03-06,2025-03-13,834,839,1208.3603766879571,1231.0920792520233,0.01881202247492797,Target_5D
ICICIBANK.NS,2025-03-13,2025-03-17,2025-03-24,840,845,1236.996301895009,1334.318544931302,0.07867626029859642,Target_5D
ICICIBANK.NS,2025-04-11,2025-04-15,2025-04-23,858,863,1329.4474418665204,1406.2031056627204,0.05773501183953278,Target_5D
ICICIBANK.NS,2025-05-12,2025-05-13,2025-05-20,876,881,1417.126034216079,1427.0649116587983,0.007013404032350179,Target_5D
ICICIBANK.NS,2025-05-27,2025-05-28,2025-06-04,887,892,1424.5063806110309,1414.469066890968,-0.007046169716528383,Target_5D
ICICIBANK.NS,2025-06-06,2025-06-09,2025-06-16,895,900,1441.6288150587184,1394.0008651920546,-0.033037595648172324,Target_5D
ICICIBANK.NS,2025-06-27,2025-06-30,2025-07-07,910,915,1438.4799818113795,1414.075573829117,-0.0169654136942049,Target_5D
ICICIBANK.NS,2025-07-11,2025-07-14,2025-07-21,920,925,1402.1685413789849,1424.9000530820128,0.016211682855665988,Target_5D
ICICIBANK.NS,2025-07-21,2025-07-22,2025-07-29,926,931,1450.583698318134,1456.2911765714125,0.003934608020134123,Target_5D
ICICIBANK.NS,2025-07-29,2025-07-30,2025-08-06,932,937,1463.966597457218,1419.291123395121,-0.030516730463450714,Target_5D
ICICIBANK.NS,2025-08-06,2025-08-07,2025-08-14,938,943,1418.110163604165,1400.1956576735638,-0.012632661686219904,Target_5D
ICICIBANK.NS,2025-08-14,2025-08-18,2025-08-25,944,949,1437.877969337428,1423.8958843891958,-0.009724110979094647,Target_5D
ICICIBANK.NS,2025-08-25,2025-08-26,2025-09-03,950,955,1415.962782587172,1377.387925122752,-0.02724284701462132,Target_5D
ICICIBANK.NS,2025-09-03,2025-09-04,2025-09-11,956,961,1398.1132401473494,1386.3126886500647,-0.008440340280334468,Target_5D
ICICIBANK.NS,2025-09-11,2025-09-12,2025-09-19,962,967,1393.3532613043917,1404.26135906907,0.00782866633151369,Target_5D
ICICIBANK.NS,2025-09-19,2025-09-22,2025-09-29,968,973,1392.1634074537787,1348.233693764239,-0.031554998108940246,Target_5D
ICICIBANK.NS,2025-09-29,2025-09-30,2025-10-08,974,979,1342.3830124406416,1360.8276403806535,0.013740212569046895,Target_5D
ICICIBANK.NS,2025-10-08,2025-10-09,2025-10-16,980,985,1358.3484255020635,1389.287635646356,0.022777079550010848,Target_5D
ICICIBANK.NS,2025-10-20,2025-10-21,2025-10-29,988,993,1372.9255110082336,1353.191921020162,-0.014373387215727229,Target_5D
ICICIBANK.NS,2025-10-29,2025-10-30,2025-11-07,994,999,1351.0103759765625,1309.3614221413634,-0.03082800441491329,Target_5D
ICICIBANK.NS,2025-11-11,2025-11-12,2025-11-19,1002,1007,1358.5467300041707,1362.0175118520117,0.002554775460561709,Target_5D
ICICIBANK.NS,2025-11-19,2025-11-20,2025-11-27,1008,1013,1368.5623301618334,1367.471557668799,-0.0007970206902490062,Target_5D
ICICIBANK.NS,2025-11-27,2025-11-28,2025-12-05,1014,1019,1380.3628968845176,1369.4547830523452,-0.007902352241422883,Target_5D
ICICIBANK.NS,2025-12-05,2025-12-08,2025-12-15,1020,1025,1375.404670384236,1344.76296553996,-0.02227831961317661,Target_5D
ICICIBANK.NS,2025-12-15,2025-12-16,2025-12-23,1026,1031,1352.5969202535916,1349.7210845323889,-0.002126158708585235,Target_5D
ICICIBANK.NS,2025-12-23,2025-12-24,2026-01-01,1032,1037,1352.3986889312134,1332.665031313395,-0.014591597713994875,Target_5D
ICICIBANK.NS,2026-01-01,2026-01-02,2026-01-09,1038,1043,1326.8142878641993,1415.1693772847862,0.0665919038020113,Target_5D
ICICIBANK.NS,2026-01-09,2026-01-12,2026-01-19,1044,1049,1388.1967781468372,1388.1968051292893,1.9437051301807173e-08,Target_5D
ICICIBANK.NS,2026-01-19,2026-01-20,2026-01-28,1050,1055,1363.207439020359,1351.2086513775284,-0.008801879522791656,Target_5D
ICICIBANK.NS,2026-01-28,2026-01-29,2026-02-05,1056,1061,1347.6387612421634,1402.1788945018798,0.040470884949498576,Target_5D
ICICIBANK.NS,2026-02-05,2026-02-06,2026-02-13,1062,1067,1385.0235305539115,1413.3845464564506,0.020476919905610957,Target_5D
ICICIBANK.NS,2026-02-19,2026-02-20,2026-02-27,1072,1077,1376.892079208007,1388.296016563106,0.008282375595956903,Target_5D
ICICIBANK.NS,2026-03-09,2026-03-10,2026-03-17,1083,1088,1276.8355955325096,1268.208392444208,-0.006756706281127567,Target_5D
ICICIBANK.NS,2026-03-17,2026-03-18,2026-03-25,1089,1094,1275.2490239961462,1248.3755838951454,-0.02107309207482444,Target_5D
ICICIBANK.NS,2026-03-25,2026-03-27,2026-04-07,1095,1100,1245.499833090769,1218.7254656803557,-0.021496885586866243,Target_5D
ICICIBANK.NS,2026-04-07,2026-04-08,2026-04-16,1101,1106,1299.048365281531,1340.697246754227,0.03206107069282971,Target_5D
ICICIBANK.NS,2026-04-17,2026-04-20,2026-04-27,1108,1113,1353.2910001768837,1316.7986931874252,-0.026965602360976892,Target_5D
ICICIBANK.NS,2026-04-27,2026-04-28,2026-05-05,1114,1119,1303.312472485006,1253.4328902069624,-0.03827139180440675,Target_5D
ICICIBANK.NS,2026-05-05,2026-05-06,2026-05-13,1120,1125,1251.449645209005,1227.9478864287817,-0.0187796279859892,Target_5D
ICICIBANK.NS,2026-05-14,2026-05-15,2026-05-22,1127,1132,1236.178367000428,1231.6168488886804,-0.0036900161283488497,Target_5D
ICICIBANK.NS,2026-05-28,2026-05-29,2026-06-05,1137,1142,1264.4401034217194,1246.4914883012805,-0.014194911306488867,Target_5D
ICICIBANK.NS,2026-06-05,2026-06-08,2026-06-15,1143,1148,1235.98013161075,1343.2755003149457,0.08680994617960924,Target_5D
ICICIBANK.NS,2026-06-26,2026-06-29,2026-07-06,1158,1163,1378.379593988644,1400.1956098660596,0.015827291678256916,Target_5D
ICICIBANK.NS,2026-07-10,2026-07-13,2026-07-20,1168,1173,1381.850313043882,1432.4239762420166,0.03659851050489915,Target_5D
ICICIBANK.NS,2026-07-28,2026-07-29,2026-08-05,1180,1185,1430.4406700852692,1454.5999755859375,0.016889414574061457,Target_5D
ICICIBANK.NS,2026-08-05,2026-08-06,2026-08-13,1186,1191,1460.0,1429.0,-0.021232876712328763,Target_5D
INFY.NS,2024-09-13,2024-09-16,2024-09-23,715,720,1828.9686923682912,1794.4243751721033,-0.018887320127638274,Target_5D
INFY.NS,2024-09-25,2024-09-26,2024-10-04,723,728,1783.8967984321478,1776.141704358394,-0.004347277309186048,Target_5D
INFY.NS,2024-10-04,2024-10-07,2024-10-14,729,734,1807.772048058558,1816.1849669571325,0.0046537498506016295,Target_5D
INFY.NS,2024-10-14,2024-10-15,2024-10-22,735,740,1842.363385361756,1746.6730915066728,-0.05193888166437588,Target_5D
INFY.NS,2024-10-23,2024-10-24,2024-10-31,742,747,1749.6812424897346,1699.7282140714156,-0.028549787930079007,Target_5D
INFY.NS,2024-10-31,2024-11-01,2024-11-08,748,753,1677.4819828348002,1728.3437169759088,0.03032028639446649,Target_5D
INFY.NS,2024-11-12,2024-11-13,2024-11-22,756,761,1769.3181384269983,1762.6632608249854,-0.0037612668165655228,Target_5D
INFY.NS,2024-11-22,2024-11-25,2024-12-02,762,767,1821.5107285834968,1767.321793063357,-0.029749446253484302,Target_5D
INFY.NS,2024-12-02,2024-12-03,2024-12-10,768,773,1793.9408410909798,1843.3763652761136,0.02755694226520289,Target_5D
INFY.NS,2024-12-10,2024-12-11,2024-12-18,774,779,1858.5873457085745,1869.8054617493733,0.006035829344636978,Target_5D
INFY.NS,2024-12-19,2024-12-20,2024-12-30,781,786,1877.7436779576376,1821.225372967618,-0.03009905220476783,Target_5D
INFY.NS,2024-12-30,2024-12-31,2025-01-07,787,792,1798.9794709559926,1849.08049857111,0.02784969390923253,Target_5D
INFY.NS,2025-01-08,2025-01-09,2025-01-16,794,799,1838.670663062687,1868.9973329214629,0.016493801999462265,Target_5D
INFY.NS,2025-01-16,2025-01-17,2025-01-24,800,805,1759.7161759087412,1773.501188842313,0.007833656996676153,Target_5D
INFY.NS,2025-01-24,2025-01-27,2025-02-01,806,811,1757.5772848453794,1787.571323971164,0.017065559156008048,Target_5D
INFY.NS,2025-02-01,2025-02-03,2025-02-10,812,817,1745.4559465267448,1811.0531389851265,0.03758169467921113,Target_5D
INFY.NS,2025-02-10,2025-02-11,2025-02-18,818,823,1790.2331848086435,1751.445375977347,-0.02166634445190574,Target_5D
INFY.NS,2025-02-18,2025-02-19,2025-02-27,824,829,1756.2937934312415,1668.640674098442,-0.04990800494805203,Target_5D
INFY.NS,2025-02-27,2025-02-28,2025-03-07,830,835,1668.4981483304996,1619.109945155919,-0.02960039435704409,Target_5D
INFY.NS,2025-03-07,2025-03-10,2025-03-18,836,841,1602.8533592169706,1511.6353759765625,-0.05690974955124406,Target_5D
INFY.NS,2025-03-18,2025-03-19,2025-03-26,842,847,1523.9465678973438,1545.8123648464964,0.014348138845393876,Target_5D
INFY.NS,2025-03-26,2025-03-27,2025-04-04,848,853,1516.8640098840594,1388.4740776445042,-0.08464168930303029,Target_5D
INFY.NS,2025-04-04,2025-04-07,2025-04-16,854,859,1285.3249277060586,1354.7249077086744,0.053994113477963346,Target_5D
INFY.NS,2025-04-16,2025-04-17,2025-04-25,860,865,1329.0562651695689,1402.7343459374797,0.055436389488379145,Target_5D
INFY.NS,2025-04-28,2025-04-29,2025-05-07,867,872,1408.9139315851942,1426.026145690909,0.012145677405902111,Target_5D
INFY.NS,2025-05-07,2025-05-08,2025-05-15,873,878,1433.631664427957,1511.3975456512203,0.05424397573856132,Target_5D
INFY.NS,2025-05-15,2025-05-16,2025-05-23,879,884,1533.0731584594146,1473.560322375453,-0.038819306016528166,Target_5D
INFY.NS,2025-05-23,2025-05-26,2025-06-02,885,890,1489.3416207391451,1503.9340358386107,0.009797896531101857,Target_5D
INFY.NS,2025-06-02,2025-06-03,2025-06-10,891,896,1502.970008756152,1527.0715350387688,0.016035932947566334,Target_5D
INFY.NS,2025-06-10,2025-06-11,2025-06-18,897,902,1532.9522867625028,1562.741770047165,0.019432753088209687,Target_5D
INFY.NS,2025-06-20,2025-06-23,2025-06-30,905,910,1543.4605584963404,1556.9573602116636,0.00874450703714258,Target_5D
INFY.NS,2025-07-02,2025-07-03,2025-07-10,913,918,1560.331649069145,1579.9985303020203,0.012604295532048004,Target_5D
INFY.NS,2025-07-10,2025-07-11,2025-07-18,919,924,1522.3475129338776,1534.8803087969368,0.008232545957201243,Target_5D
INFY.NS,2025-07-25,2025-07-28,2025-08-04,930,935,1459.4908778130184,1408.9741142502269,-0.03461259287792784,Target_5D
INFY.NS,2025-08-04,2025-08-05,2025-08-12,936,941,1425.5558755811649,1376.8709588997938,-0.03415153170444718,Target_5D
INFY.NS,2025-08-12,2025-08-13,2025-08-21,942,947,1373.7860181657672,1453.802949118853,0.05824555636395368,Target_5D
INFY.NS,2025-08-29,2025-09-01,2025-09-08,953,958,1423.6278448203498,1398.8515684147906,-0.01740361885706565,Target_5D
INFY.NS,2025-09-08,2025-09-09,2025-09-16,959,964,1427.7733097648295,1454.18869843609,0.018501108327631632,Target_5D
INFY.NS,2025-09-16,2025-09-17,2025-09-24,965,970,1462.3832147820146,1433.7504516255494,-0.019579521200079775,Target_5D
INFY.NS,2025-09-24,2025-09-25,2025-10-03,971,976,1435.4857737282794,1387.282784330546,-0.03357956608134072,Target_5D
INFY.NS,2025-10-03,2025-10-06,2025-10-13,977,982,1394.6096065704758,1443.1982662450723,0.03484033054532176,Target_5D
INFY.NS,2025-10-14,2025-10-15,2025-10-23,984,989,1430.569218120133,1455.7310466373283,0.017588683021056317,Target_5D
INFY.NS,2025-10-23,2025-10-24,2025-10-31,990,995,1484.1708637038648,1458.4403008415875,-0.017336658124432303,Target_5D
INFY.NS,2025-10-31,2025-11-03,2025-11-11,996,1001,1450.9033496746388,1492.6989304110698,0.02880659193860402,Target_5D
INFY.NS,2025-11-11,2025-11-12,2025-11-19,1002,1007,1507.3812396717751,1458.9296699222182,-0.03214287698054874,Target_5D
INFY.NS,2025-11-19,2025-11-20,2025-11-27,1008,1013,1522.063472907938,1530.8728564928056,0.005787789892912398,Target_5D
INFY.NS,2025-11-27,2025-11-28,2025-12-05,1014,1019,1531.8516566735827,1575.8985332981872,0.028754009197112573,Target_5D
INFY.NS,2025-12-08,2025-12-09,2025-12-16,1021,1026,1567.2848235795727,1566.1103574156468,-0.000749363578499751,Target_5D
INFY.NS,2025-12-16,2025-12-17,2025-12-24,1027,1032,1553.581424584382,1625.8182910699556,0.046496994198355956,Target_5D
INFY.NS,2025-12-29,2025-12-30,2026-01-06,1035,1040,1612.1148331917736,1566.2081943610224,-0.028476035258519494,Target_5D
INFY.NS,2026-01-15,2026-01-16,2026-01-23,1048,1053,1628.461030733189,1631.8869227568262,0.0021037605192766318,Target_5D
INFY.NS,2026-01-23,2026-01-27,2026-02-03,1054,1059,1650.0930280724322,1690.616056346825,0.024558026477895067,Target_5D
INFY.NS,2026-02-03,2026-02-04,2026-02-11,1060,1065,1540.66097646391,1469.4029562852068,-0.046251590237751716,Target_5D
INFY.NS,2026-02-11,2026-02-12,2026-02-19,1066,1071,1398.6344233110094,1355.6643110050506,-0.03072290484902762,Target_5D
INFY.NS,2026-02-19,2026-02-20,2026-02-27,1072,1077,1330.4106332686276,1298.207628321947,-0.02420531236101331,Target_5D
INFY.NS,2026-02-27,2026-03-02,2026-03-10,1078,1083,1263.6552272829083,1292.0410437407636,0.022463260424989473,Target_5D
INFY.NS,2026-03-10,2026-03-11,2026-03-18,1084,1089,1260.7188580118502,1211.7778669014497,-0.03881990881581665,Target_5D
INFY.NS,2026-03-18,2026-03-19,2026-03-27,1090,1095,1217.846529327881,1257.9780904958054,0.0329528887273447,Target_5D
INFY.NS,2026-03-27,2026-03-30,2026-04-08,1096,1101,1223.5236944376795,1320.4267760360608,0.0792000040856724,Target_5D
INFY.NS,2026-04-10,2026-04-13,2026-04-21,1104,1109,1245.0577246851824,1282.2528368892558,0.02987420700793475,Target_5D
INFY.NS,2026-04-21,2026-04-22,2026-04-29,1110,1115,1267.5705813427946,1133.961747660014,-0.10540543907325683,Target_5D
INFY.NS,2026-04-29,2026-04-30,2026-05-07,1116,1121,1142.7711514334949,1148.1546369607545,0.004710904296548302,Target_5D
INFY.NS,2026-05-07,2026-05-08,2026-05-15,1122,1127,1136.4088093734103,1078.658538900176,-0.05081821787801577,Target_5D
INFY.NS,2026-05-18,2026-05-19,2026-05-26,1129,1134,1137.3876555901809,1141.5965459846338,0.0037004888999512264,Target_5D
INFY.NS,2026-05-26,2026-05-27,2026-06-03,1135,1140,1136.4088302961693,1215.7909483013548,0.0698534857252886,Target_5D
INFY.NS,2026-06-03,2026-06-04,2026-06-11,1141,1146,1182.4132636253246,1129.699951171875,-0.044581124108696635,Target_5D
INFY.NS,2026-06-11,2026-06-12,2026-06-19,1147,1152,1120.0,1062.300048828125,-0.051517813546317015,Target_5D
INFY.NS,2026-06-19,2026-06-22,2026-06-29,1153,1158,1055.0,1037.0999755859375,-0.016966847785841233,Target_5D
INFY.NS,2026-06-30,2026-07-01,2026-07-08,1160,1165,1006.0,1071.9000244140625,0.06550698251894871,Target_5D
INFY.NS,2026-07-08,2026-07-09,2026-07-16,1166,1171,1062.699951171875,1082.5,0.01863183376106381,Target_5D
INFY.NS,2026-07-17,2026-07-20,2026-07-27,1173,1178,1102.0,1065.0,-0.033575317604355726,Target_5D
INFY.NS,2026-07-27,2026-07-28,2026-08-04,1179,1184,1097.0,1168.0,0.06472196900638094,Target_5D
INFY.NS,2026-08-04,2026-08-05,2026-08-12,1185,1190,1174.699951171875,1185.5999755859375,0.009278986011013846,Target_5D
ITC.NS,2024-09-12,2024-09-13,2024-09-20,714,719,461.06478122957145,454.4084356961472,-0.014436898684113464,Target_5D
ITC.NS,2024-09-20,2024-09-23,2024-09-30,720,725,457.4703364918065,462.0410428214885,0.009991262744450724,Target_5D
ITC.NS,2024-09-30,2024-10-01,2024-10-09,726,731,459.8666441244711,452.4558677197935,-0.016115055308668524,Target_5D
ITC.NS,2024-10-14,2024-10-15,2024-10-22,735,740,441.98318067862937,429.24732175988674,-0.028815256949795587,Target_5D
ITC.NS,2024-10-22,2024-10-23,2024-10-30,741,746,426.8954190593147,433.0636412897533,0.014449024175594571,Target_5D
ITC.NS,2024-10-30,2024-10-31,2024-11-07,747,752,436.6580767162302,427.5610618759079,-0.020833268237550828,Target_5D
ITC.NS,2024-11-07,2024-11-08,2024-11-18,753,758,424.1440614854824,413.582667962433,-0.024900486608394723,Target_5D
ITC.NS,2024-11-18,2024-11-19,2024-11-27,759,764,415.357696912865,423.78912772455067,0.02029920445522504,Target_5D
ITC.NS,2024-11-28,2024-11-29,2024-12-06,766,771,419.9727756769193,417.1327297650406,-0.006762452416828824,Target_5D
ITC.NS,2024-12-09,2024-12-10,2024-12-17,773,778,413.005769193885,417.1327264699478,0.009992493044632011,Target_5D
ITC.NS,2024-12-17,2024-12-18,2024-12-26,779,784,419.5290388678347,426.49605137888494,0.016606746769787017,Target_5D
ITC.NS,2024-12-27,2024-12-30,2025-01-06,786,791,426.67355353067,419.9253419721925,-0.015815865554911768,Target_5D
ITC.NS,2025-01-06,2025-01-07,2025-01-14,792,797,410.6161929269927,406.468518001142,-0.01010109926811431,Target_5D
ITC.NS,2025-01-14,2025-01-15,2025-01-22,798,803,402.4130970558666,405.4546549463095,0.007558297462720631,Target_5D
ITC.NS,2025-01-22,2025-01-23,2025-01-30,804,809,400.93839366343616,399.0949602480921,-0.004597797179013763,Target_5D
ITC.NS,2025-01-30,2025-01-31,2025-02-06,810,815,402.32089335692,414.76383123938655,0.030927893847729537,Target_5D
ITC.NS,2025-02-06,2025-02-07,2025-02-14,816,821,405.5468681216365,385.4992173663877,-0.049433622427176194,Target_5D
ITC.NS,2025-02-14,2025-02-17,2025-02-24,822,827,383.6734960648676,374.49832980990334,-0.023913995491137707,Target_5D
ITC.NS,2025-02-24,2025-02-25,2025-03-05,828,833,376.3708172507043,369.3489671413712,-0.01865673369849974,Target_5D
ITC.NS,2025-03-05,2025-03-06,2025-03-13,834,839,383.0649920462489,386.669504728688,0.009409663522590872,Target_5D
ITC.NS,2025-03-13,2025-03-17,2025-03-24,840,845,386.669496920414,381.05201646627233,-0.014527860353303002,Target_5D
ITC.NS,2025-03-24,2025-03-25,2025-04-02,846,851,385.7332751677312,381.0988523406854,-0.012014578791603059,Target_5D
ITC.NS,2025-04-02,2025-04-03,2025-04-11,852,857,381.09882796400086,393.2232383889498,0.031814347185802117,Target_5D
ITC.NS,2025-04-21,2025-04-22,2025-04-29,862,867,398.7939022404639,401.5558052623093,0.006925640051988591,Target_5D
ITC.NS,2025-05-21,2025-05-22,2025-05-29,883,888,405.3944162358384,402.3753823169309,-0.007447152200417029,Target_5D
ITC.NS,2025-05-30,2025-06-02,2025-06-09,890,895,398.8474376645607,402.375397024289,0.008845385544874462,Target_5D
ITC.NS,2025-06-09,2025-06-10,2025-06-17,896,901,404.75914276623337,398.65677784510535,-0.015076533860168828,Target_5D
ITC.NS,2025-06-17,2025-06-18,2025-06-25,902,907,397.6079031209599,397.0357918303469,-0.0014388830959403132,Target_5D
ITC.NS,2025-06-25,2025-06-26,2025-07-03,908,913,397.7986102268212,394.7474217316605,-0.007670183898885297,Target_5D
ITC.NS,2025-07-03,2025-07-04,2025-07-11,914,919,395.6055594904553,397.6079166905238,0.005061499142346548,Target_5D
ITC.NS,2025-07-11,2025-07-14,2025-07-21,920,925,397.6555793753181,402.3753881438521,0.01186908725371949,Target_5D
ITC.NS,2025-07-21,2025-07-22,2025-07-29,926,931,400.5637591824813,390.9334433644723,-0.024041904933346236,Target_5D
ITC.NS,2025-07-29,2025-07-30,2025-08-06,932,937,389.979938885481,394.8904345378628,0.01259166219271557,Target_5D
ITC.NS,2025-08-06,2025-08-07,2025-08-14,938,943,392.8404281167533,394.98578714952254,0.005461146254864602,Target_5D
ITC.NS,2025-08-14,2025-08-18,2025-08-25,944,949,393.79392311853456,380.44498754804886,-0.03389827721253991,Target_5D
ITC.NS,2025-08-25,2025-08-26,2025-09-03,950,955,380.7310351895941,389.5031882067775,0.02304028882965925,Target_5D
ITC.NS,2025-09-03,2025-09-04,2025-09-11,956,961,404.2347131456668,393.8416037431192,-0.025710581166250246,Target_5D
ITC.NS,2025-09-15,2025-09-16,2025-09-23,964,969,393.9846376653184,388.16830584530703,-0.014762839115956217,Target_5D
ITC.NS,2025-09-23,2025-09-24,2025-10-01,970,975,384.4496624147626,383.6392049522153,-0.002108097734971892,Target_5D
ITC.NS,2025-10-01,2025-10-03,2025-10-10,976,981,386.0706081822361,381.8275749720476,-0.01099030363944642,Target_5D
ITC.NS,2025-10-10,2025-10-13,2025-10-20,982,987,381.3984717438948,393.3648351646861,0.03137496426264286,Target_5D
ITC.NS,2025-10-21,2025-10-23,2025-10-30,989,994,396.6544136582575,401.9939896699586,0.013461531821757244,Target_5D
ITC.NS,2025-10-30,2025-10-31,2025-11-10,995,1000,400.9451731588484,385.26012436572665,-0.03912018361400138,Target_5D
ITC.NS,2025-11-13,2025-11-14,2025-11-21,1004,1009,385.8799197150127,386.1659529187517,0.0007412492568938944,Target_5D
ITC.NS,2025-11-21,2025-11-24,2025-12-01,1010,1015,389.40784869658233,384.0682550618539,-0.013712085292068465,Target_5D
ITC.NS,2025-12-01,2025-12-02,2025-12-09,1016,1021,385.45084717768543,383.3054912770936,-0.005565835219458859,Target_5D
ITC.NS,2025-12-09,2025-12-10,2025-12-17,1022,1027,382.447322017598,382.3520013440559,-0.0002492387004809915,Target_5D
ITC.NS,2025-12-17,2025-12-18,2025-12-26,1028,1033,381.3984840446188,387.5962212494621,0.016250031041335378,Target_5D
ITC.NS,2025-12-29,2025-12-30,2026-01-06,1035,1040,384.258966100121,333.9620700915981,-0.1308932268230215,Target_5D
ITC.NS,2026-01-06,2026-01-07,2026-01-14,1041,1046,327.0492030999599,320.37473160941005,-0.02040815702128429,Target_5D
ITC.NS,2026-01-14,2026-01-15,2026-01-22,1047,1052,319.182861328125,310.9351259007337,-0.025840157560692245,Target_5D
ITC.NS,2026-01-22,2026-01-23,2026-02-02,1053,1058,310.41066769194697,295.0593918522917,-0.049454730257176394,Target_5D
ITC.NS,2026-02-02,2026-02-03,2026-02-10,1059,1064,306.26298563884325,314.4337934233384,0.02667905743637755,Target_5D
ITC.NS,2026-02-10,2026-02-11,2026-02-18,1065,1070,313.41163831821643,317.35422585595626,0.01257958242679158,Target_5D
ITC.NS,2026-02-18,2026-02-19,2026-02-26,1071,1076,325.19071316475083,311.5133555396741,-0.042059496385886685,Target_5D
ITC.NS,2026-02-26,2026-02-27,2026-03-09,1077,1082,307.6194251776827,296.9111643273846,-0.03481009316662276,Target_5D
ITC.NS,2026-03-09,2026-03-10,2026-03-17,1083,1088,300.8050671722483,301.7298865244703,0.00307448062931881,Target_5D
ITC.NS,2026-03-17,2026-03-18,2026-03-25,1089,1094,297.7872705212262,284.9373809296547,-0.043151238698282746,Target_5D
ITC.NS,2026-03-25,2026-03-27,2026-04-07,1095,1100,286.88433837890625,286.3489031712945,-0.0018663800562878086,Target_5D
ITC.NS,2026-04-07,2026-04-08,2026-04-16,1101,1106,295.8403295367806,294.91552885499743,-0.0031260128841499313,Target_5D
ITC.NS,2026-04-16,2026-04-17,2026-04-24,1107,1112,295.7916756720069,298.5174072251711,0.009215038073575377,Target_5D
ITC.NS,2026-04-24,2026-04-27,2026-05-04,1113,1118,295.5969487737246,309.4690426623296,0.04692908349072278,Target_5D
ITC.NS,2026-05-05,2026-05-06,2026-05-13,1120,1125,304.504273955316,293.99072694682496,-0.03452676335844751,Target_5D
ITC.NS,2026-05-14,2026-05-15,2026-05-22,1127,1132,299.0528357626027,297.7872949531656,-0.004231830158740624,Target_5D
ITC.NS,2026-05-22,2026-05-25,2026-06-01,1133,1138,295.8890075683594,287.79998779296875,-0.027338020570168764,Target_5D
ITC.NS,2026-06-01,2026-06-02,2026-06-09,1139,1144,279.5,281.70001220703125,0.007871242243403298,Target_5D
ITC.NS,2026-06-09,2026-06-10,2026-06-17,1145,1150,280.0,291.95001220703125,0.0426786150251115,Target_5D
ITC.NS,2026-06-18,2026-06-19,2026-06-26,1152,1157,289.79998779296875,290.0,0.0006901732762465418,Target_5D
ITC.NS,2026-06-26,2026-06-29,2026-07-06,1158,1163,290.45001220703125,289.95001220703125,-0.0017214666172697957,Target_5D
ITC.NS,2026-07-06,2026-07-07,2026-07-14,1164,1169,288.29998779296875,279.25,-0.03139087123190465,Target_5D
ITC.NS,2026-07-14,2026-07-15,2026-07-22,1170,1175,276.6499938964844,280.5,0.013916523363294298,Target_5D
ITC.NS,2026-07-22,2026-07-23,2026-07-30,1176,1181,279.95001220703125,286.1000061035156,0.021968185848608934,Target_5D
ITC.NS,2026-07-30,2026-07-31,2026-08-07,1182,1187,285.54998779296875,285.0,-0.0019260648449668238,Target_5D
LT.NS,2024-09-12,2024-09-13,2024-09-20,714,719,3553.8208217288266,3630.352499714604,0.02153504124851957,Target_5D
LT.NS,2024-09-25,2024-09-26,2024-10-04,723,728,3729.4513166520505,3448.8347173640486,-0.07524340056003542,Target_5D
LT.NS,2024-10-04,2024-10-07,2024-10-14,729,734,3439.0232513433066,3443.929060119898,0.0014265122443342104,Target_5D
LT.NS,2024-10-14,2024-10-15,2024-10-22,735,740,3502.7994260883984,3517.51730166589,0.0042017465995554115,Target_5D
LT.NS,2024-10-22,2024-10-23,2024-10-30,741,746,3435.147533894267,3316.3270738977785,-0.03458962353846473,Target_5D
LT.NS,2024-10-30,2024-10-31,2024-11-07,747,752,3463.552606969321,3578.693680400606,0.03324363348765069,Target_5D
LT.NS,2024-11-07,2024-11-08,2024-11-18,753,758,3571.8741061093674,3454.820305443358,-0.032770976016707754,Target_5D
LT.NS,2024-11-18,2024-11-19,2024-11-27,759,764,3492.88952777688,3634.277186841476,0.040478709086051445,Target_5D
LT.NS,2024-11-27,2024-11-28,2024-12-05,765,770,3630.352638537424,3738.282114172212,0.029729749801460148,Target_5D
LT.NS,2024-12-05,2024-12-06,2024-12-13,771,776,3759.867779290104,3786.3595813921,0.0070459398194577805,Target_5D
LT.NS,2024-12-17,2024-12-18,2024-12-26,779,784,3735.534708884533,3589.1432144579144,-0.039188899537847544,Target_5D
LT.NS,2024-12-26,2024-12-27,2025-01-03,785,790,3564.0250117517803,3638.201756393024,0.020812633019313242,Target_5D
LT.NS,2025-01-03,2025-01-06,2025-01-13,791,796,3615.389489506093,3439.5628808380425,-0.04863282619435583,Target_5D
LT.NS,2025-01-13,2025-01-14,2025-01-21,797,802,3400.609965544096,3544.74479185411,0.04238499203684842,Target_5D
LT.NS,2025-01-21,2025-01-22,2025-01-29,803,808,3495.931358053237,3366.4159666711275,-0.03704746407098569,Target_5D
LT.NS,2025-01-29,2025-01-30,2025-02-05,809,814,3389.9642782998344,3379.808860993891,-0.002995729887465548,Target_5D
LT.NS,2025-02-05,2025-02-06,2025-02-13,815,820,3339.9244504278204,3227.7266492790254,-0.033592915891981656,Target_5D
LT.NS,2025-02-13,2025-02-14,2025-02-21,821,826,3213.4017062314106,3214.1374761511306,0.0002289691694297158,Target_5D
LT.NS,2025-02-21,2025-02-24,2025-03-04,827,832,3227.7758172868807,3111.359473291028,-0.036067047585017,Target_5D
LT.NS,2025-03-04,2025-03-05,2025-03-12,833,838,3152.519713999044,3144.67013857302,-0.0024899369831591356,Target_5D
LT.NS,2025-03-12,2025-03-13,2025-03-21,839,844,3141.9720055011107,3293.809114254698,0.048325417440939544,Target_5D
LT.NS,2025-03-25,2025-03-26,2025-04-03,847,852,3407.6256698044867,3335.999412946053,-0.021019402891909622,Target_5D
LT.NS,2025-04-03,2025-04-04,2025-04-15,853,858,3335.99933620767,3120.1408904807195,-0.06470578197786336,Target_5D
LT.NS,2025-04-15,2025-04-16,2025-04-24,859,864,3208.446678792638,3244.750135843254,0.011314963496378727,Target_5D
LT.NS,2025-05-07,2025-05-08,2025-05-15,873,878,3247.791989018101,3526.3476224628544,0.08576769521774952,Target_5D
LT.NS,2025-07-04,2025-07-07,2025-07-14,915,920,3565.078620686346,3506.35228822281,-0.016472661254306353,Target_5D
LT.NS,2025-07-14,2025-07-15,2025-07-22,921,926,3484.961058312576,3468.1255395496387,-0.004830905849802836,Target_5D
LT.NS,2025-07-24,2025-07-25,2025-08-01,929,934,3436.435129815252,3600.8294691403003,0.04783862727357424,Target_5D
LT.NS,2025-08-01,2025-08-04,2025-08-11,935,940,3560.4239189094,3575.0810068518304,0.004116669328218636,Target_5D
LT.NS,2025-08-11,2025-08-12,2025-08-20,941,946,3644.403732190173,3578.547133180976,-0.01807061013232447,Target_5D
LT.NS,2025-08-20,2025-08-21,2025-08-29,947,952,3564.187216509058,3541.013756545707,-0.0065017516072144454,Target_5D
LT.NS,2025-08-29,2025-09-01,2025-09-08,953,958,3566.1679648058634,3535.467859637405,-0.008608709817213955,Target_5D
LT.NS,2025-09-08,2025-09-09,2025-09-16,959,964,3512.888289742588,3569.0397307325097,0.015984408372415437,Target_5D
LT.NS,2025-09-16,2025-09-17,2025-09-24,965,970,3636.4811698717945,3622.220664612041,-0.003921512196433552,Target_5D
LT.NS,2026-03-09,2026-03-10,2026-03-17,1083,1088,3897.927438080496,3444.357759455057,-0.11636175527392467,Target_5D
LT.NS,2026-03-17,2026-03-18,2026-03-25,1089,1094,3534.477591355991,3535.36861565716,0.00025209504888290546,Target_5D
LT.NS,2026-03-25,2026-03-27,2026-04-07,1095,1100,3604.790732013596,3644.4037006454223,0.01098897871658111,Target_5D
LT.NS,2026-04-13,2026-04-15,2026-04-22,1105,1110,4006.2693514998937,4030.6314906487546,0.0060810037996421595,Target_5D
LT.NS,2026-04-22,2026-04-23,2026-04-30,1111,1116,3971.112601997008,4043.505667602357,0.01822992014100633,Target_5D
LT.NS,2026-04-30,2026-05-01,2026-05-08,1117,1122,3975.173095703125,3971.21178887478,-0.000996511782751619,Target_5D
RELIANCE.NS,2024-09-12,2024-09-13,2024-09-20,714,719,1463.7590600068495,1461.3795684407844,-0.0016256033052693963,Target_5D
RELIANCE.NS,2024-09-20,2024-09-23,2024-09-30,720,725,1478.2340798324108,1506.3908994638518,0.019047605528505596,Target_5D
RELIANCE.NS,2024-10-07,2024-10-08,2024-10-15,730,735,1361.2194430814652,1346.8933067731043,-0.010524486982003478,Target_5D
RELIANCE.NS,2024-10-15,2024-10-16,2024-10-23,736,741,1328.527003000744,1326.048205061888,-0.0018658242800161373,Target_5D
RELIANCE.NS,2024-10-30,2024-10-31,2024-11-07,747,752,1328.526903121052,1312.66393271805,-0.011940270359400151,Target_5D
RELIANCE.NS,2024-11-07,2024-11-08,2024-11-18,753,758,1286.5394340693545,1256.7467703539512,-0.02315720989691572,Target_5D
RELIANCE.NS,2024-11-18,2024-11-19,2024-11-27,759,764,1249.9553610165642,1282.4250432843671,0.02597667347207988,Target_5D
RELIANCE.NS,2024-11-27,2024-11-28,2024-12-05,765,770,1278.905374093644,1303.096445986659,0.01891545096536884,Target_5D
RELIANCE.NS,2024-12-05,2024-12-06,2024-12-13,771,776,1312.5646685095264,1249.2119494931856,-0.04826636015449093,Target_5D
RELIANCE.NS,2024-12-13,2024-12-16,2024-12-23,777,782,1264.0835044447913,1204.5971709809228,-0.04705886379713187,Target_5D
RELIANCE.NS,2024-12-23,2024-12-24,2025-01-01,783,788,1211.834663048231,1204.4483521073844,-0.0060951474372479275,Target_5D
RELIANCE.NS,2025-01-01,2025-01-02,2025-01-09,789,794,1210.793625832193,1256.1518282285128,0.037461547061865996,Target_5D
RELIANCE.NS,2025-01-09,2025-01-10,2025-01-17,795,800,1243.114481097643,1310.9288585996749,0.054551997047088685,Target_5D
RELIANCE.NS,2025-01-17,2025-01-20,2025-01-27,801,806,1304.7324245206253,1228.4907387555406,-0.058434729092516235,Target_5D
RELIANCE.NS,2025-01-27,2025-01-28,2025-02-03,807,812,1227.400329601704,1240.2889757645512,0.010500768047723819,Target_5D
RELIANCE.NS,2025-02-03,2025-02-04,2025-02-11,813,818,1237.3642207434832,1253.7230036544372,0.013220669093797266,Target_5D
RELIANCE.NS,2025-02-11,2025-02-12,2025-02-19,819,824,1209.0089844264594,1209.058667892558,4.10943729440838e-05,Target_5D
RELIANCE.NS,2025-02-19,2025-02-20,2025-02-28,825,830,1213.4704313005311,1191.7084634163882,-0.017933661441440818,Target_5D
RELIANCE.NS,2025-02-28,2025-03-03,2025-03-10,831,836,1193.6912720117396,1234.3402190424754,0.03405314923868863,Target_5D
RELIANCE.NS,2025-03-18,2025-03-19,2025-03-26,842,847,1230.4241762433128,1279.9464094999762,0.0402480983491913,Target_5D
RELIANCE.NS,2025-03-27,2025-03-28,2025-04-07,849,854,1269.0405652360091,1122.5059464290011,-0.11546882173916662,Target_5D
RELIANCE.NS,2025-04-07,2025-04-08,2025-04-17,855,860,1161.9653833278503,1229.5813957339365,0.05819107296676518,Target_5D
RELIANCE.NS,2025-04-17,2025-04-21,2025-04-28,861,866,1259.126169726638,1328.526980231352,0.05511823371900948,Target_5D
RELIANCE.NS,2025-05-14,2025-05-15,2025-05-22,878,883,1412.7992032271827,1409.031659643212,-0.0026667226137760958,Target_5D
RELIANCE.NS,2025-05-23,2025-05-26,2025-06-02,885,890,1419.7391840414937,1400.0095486308933,-0.013896661888585182,Target_5D
RELIANCE.NS,2025-06-09,2025-06-10,2025-06-17,896,901,1437.5850079496329,1435.602128554236,-0.001379312795022014,Target_5D
RELIANCE.NS,2025-07-03,2025-07-04,2025-07-11,914,919,1510.9515946827762,1499.0542783474266,-0.007874055249167289,Target_5D
RELIANCE.NS,2025-07-11,2025-07-14,2025-07-21,920,925,1479.4236826617216,1452.456653118394,-0.018228063981515885,Target_5D
RELIANCE.NS,2025-07-29,2025-07-30,2025-08-06,932,937,1405.9582375902166,1379.9825595355662,-0.018475426481495028,Target_5D
RELIANCE.NS,2025-08-26,2025-08-28,2025-09-04,951,956,1383.50331940736,1365.4865379446771,-0.013022579136565127,Target_5D
RELIANCE.NS,2025-09-04,2025-09-05,2025-09-12,957,962,1356.7271022727273,1376.9337291414593,0.014893656089631335,Target_5D
RELIANCE.NS,2025-09-15,2025-09-16,2025-09-23,964,969,1398.2350616507645,1384.5982372618869,-0.009752884019928576,Target_5D
RELIANCE.NS,2025-09-23,2025-09-24,2025-10-01,970,975,1378.9244730635044,1360.7086293823172,-0.013210182310215757,Target_5D
RELIANCE.NS,2025-10-01,2025-10-03,2025-10-10,976,981,1356.926091696157,1371.45898859096,0.010710160990888395,Target_5D
RELIANCE.NS,2025-10-10,2025-10-13,2025-10-20,982,987,1370.5631549835205,1433.3726108781725,0.04582748023414296,Target_5D
RELIANCE.NS,2025-10-21,2025-10-23,2025-10-30,989,994,1468.2115624957596,1493.0964871305005,0.016949140893864012,Target_5D
RELIANCE.NS,2025-12-15,2025-12-16,2025-12-23,1026,1031,1537.8894294536826,1573.6241984599117,0.023236240734760383,Target_5D
RELIANCE.NS,2025-12-26,2025-12-29,2026-01-05,1034,1039,1547.7439417510202,1585.6684856930358,0.02450311251040027,Target_5D
RELIANCE.NS,2026-01-05,2026-01-06,2026-01-13,1040,1045,1561.77894010158,1478.165525590484,-0.05353729158728293,Target_5D
RELIANCE.NS,2026-01-15,2026-01-16,2026-01-23,1048,1053,1452.0861898343726,1395.348519642108,-0.03907321107346684,Target_5D
RELIANCE.NS,2026-02-02,2026-02-03,2026-02-10,1059,1064,1467.1166446366906,1464.2299462371711,-0.001967599788382346,Target_5D
RELIANCE.NS,2026-02-11,2026-02-12,2026-02-19,1066,1071,1463.2345557130195,1436.3588845536149,-0.01836730212150328,Target_5D
RELIANCE.NS,2026-02-19,2026-02-20,2026-02-27,1072,1077,1403.013091941889,1391.5659695052796,-0.00815895625091101,Target_5D
RELIANCE.NS,2026-02-27,2026-03-02,2026-03-10,1078,1083,1369.1694587628867,1424.015880450879,0.04005816908708204,Target_5D
RELIANCE.NS,2026-03-10,2026-03-11,2026-03-18,1084,1089,1418.34212900751,1390.7696473738065,-0.019439937000953034,Target_5D
RELIANCE.NS,2026-03-23,2026-03-24,2026-04-02,1093,1098,1413.4647025895886,1350.7546307176451,-0.04436621003485497,Target_5D
RELIANCE.NS,2026-04-02,2026-04-06,2026-04-13,1099,1104,1352.7454554606609,1315.119386993808,-0.0278145960978593,Target_5D
RELIANCE.NS,2026-04-13,2026-04-15,2026-04-22,1105,1110,1330.8467629297493,1344.085556855853,0.009947647088203837,Target_5D
RELIANCE.NS,2026-04-22,2026-04-23,2026-04-30,1111,1116,1339.8052948565,1402.515369272921,0.046805363926508026,Target_5D
RELIANCE.NS,2026-04-30,2026-05-01,2026-05-08,1117,1122,1424.215087890625,1419.4371163507371,-0.0033548103657323747,Target_5D
RELIANCE.NS,2026-05-11,2026-05-12,2026-05-19,1124,1129,1385.593546668805,1332.5387892026445,-0.03829027465789869,Target_5D
RELIANCE.NS,2026-05-19,2026-05-20,2026-05-27,1130,1135,1312.6308349443716,1346.7730400596713,0.026010515833072567,Target_5D
RELIANCE.NS,2026-05-27,2026-05-28,2026-06-04,1136,1141,1344.2845458984375,1295.0124259474096,-0.03665304351029153,Target_5D
RELIANCE.NS,2026-06-10,2026-06-11,2026-06-18,1146,1151,1258.0,1330.0,0.05723370429252772,Target_5D
RELIANCE.NS,2026-06-26,2026-06-29,2026-07-06,1158,1163,1308.0,1304.0,-0.003058103975535187,Target_5D
RELIANCE.NS,2026-07-06,2026-07-07,2026-07-14,1164,1169,1323.5,1290.0,-0.025311673592746553,Target_5D
RELIANCE.NS,2026-07-14,2026-07-15,2026-07-22,1170,1175,1294.0999755859375,1302.0,0.006104647680319708,Target_5D
RELIANCE.NS,2026-07-27,2026-07-28,2026-08-04,1179,1184,1275.0,1315.0,0.031372549019607954,Target_5D
RELIANCE.NS,2026-08-05,2026-08-06,2026-08-13,1186,1191,1285.0,1327.800048828125,0.03330743099464972,Target_5D
SBIN.NS,2024-09-18,2024-09-19,2024-09-26,718,723,765.5999675189145,766.5147888755175,0.0011949077787551943,Target_5D
SBIN.NS,2024-09-26,2024-09-27,2024-10-07,724,729,772.1480434176262,770.3666227637009,-0.0023070972841432447,Target_5D
SBIN.NS,2024-10-07,2024-10-08,2024-10-15,730,735,743.6445559601656,775.6629124338771,0.04305599525618886,Target_5D
SBIN.NS,2024-10-17,2024-10-18,2024-10-25,738,743,781.0554274190987,768.4407046924659,-0.01615086751053829,Target_5D
SBIN.NS,2024-10-28,2024-10-29,2024-11-05,745,750,766.5148254883454,799.1109232553587,0.04252507150953844,Target_5D
SBIN.NS,2024-11-06,2024-11-07,2024-11-14,752,757,829.1070762299017,778.6962686314655,-0.06080132354877876,Target_5D
SBIN.NS,2024-11-14,2024-11-18,2024-11-26,758,763,780.9592121300385,812.7367744440559,0.04069042508295051,Target_5D
SBIN.NS,2024-11-27,2024-11-28,2024-12-05,765,770,803.2034750413964,828.1441384564639,0.031051488433590402,Target_5D
SBIN.NS,2024-12-05,2024-12-06,2024-12-13,771,776,833.199706421366,821.0182301359672,-0.014620115911608833,Target_5D
SBIN.NS,2024-12-13,2024-12-16,2024-12-23,777,782,827.9515344064523,787.025851437494,-0.049430046649164505,Target_5D
SBIN.NS,2024-12-23,2024-12-24,2025-01-01,783,788,793.7183788955526,766.0814709969738,-0.03481953881052258,Target_5D
SBIN.NS,2025-01-03,2025-01-06,2025-01-13,791,796,767.8629313364202,714.0335881192036,-0.07010280223259346,Target_5D
SBIN.NS,2025-01-13,2025-01-14,2025-01-21,797,802,705.800278346691,755.7296474236301,0.07074149813867558,Target_5D
SBIN.NS,2025-01-21,2025-01-22,2025-01-29,803,808,733.7742364327505,725.1075785552505,-0.0118110686464451,Target_5D
SBIN.NS,2025-01-29,2025-01-30,2025-02-05,809,814,730.4520203133268,751.107474382643,0.02827763288334273,Target_5D
SBIN.NS,2025-02-05,2025-02-06,2025-02-13,815,820,740.5149273858113,707.1965624268578,-0.0449935088770933,Target_5D
SBIN.NS,2025-02-13,2025-02-14,2025-02-21,821,826,703.8744122850989,700.359526366243,-0.004993626501416548,Target_5D
SBIN.NS,2025-02-21,2025-02-24,2025-03-04,827,832,684.1818648659195,667.3300691464701,-0.02463057936028723,Target_5D
SBIN.NS,2025-03-04,2025-03-05,2025-03-12,833,838,690.970715357852,703.5373526546633,0.01818693183010378,Target_5D
SBIN.NS,2025-03-18,2025-03-19,2025-03-26,842,847,712.2039126231394,743.4038006048552,0.04380752117297759,Target_5D
SBIN.NS,2025-03-28,2025-04-01,2025-04-08,850,855,738.3964100364205,731.8482821294997,-0.008868038655006294,Target_5D
SBIN.NS,2025-04-08,2025-04-09,2025-04-21,856,861,738.5889950046072,773.255458543513,0.04693606833214403,Target_5D
SBIN.NS,2025-04-21,2025-04-22,2025-04-29,862,867,790.7332527762891,789.6257719721119,-0.0014005744671654607,Target_5D
SBIN.NS,2025-04-29,2025-04-30,2025-05-08,868,873,781.4407087956405,750.1445368852355,-0.04004932371470482,Target_5D
SBIN.NS,2025-05-12,2025-05-13,2025-05-20,876,881,769.018476685771,784.0180560729261,0.01950483615400067,Target_5D
SBIN.NS,2025-06-02,2025-06-03,2025-06-10,891,896,801.7484370268255,806.4634476687678,0.005880910300776199,Target_5D
SBIN.NS,2025-07-09,2025-07-10,2025-07-17,918,923,796.9351619351286,823.5553655077234,0.0334032238055042,Target_5D
SBIN.NS,2025-08-05,2025-08-06,2025-08-13,937,942,786.7684568691343,808.0842230461906,0.027092807281420717,Target_5D
SBIN.NS,2025-08-13,2025-08-14,2025-08-22,943,948,807.4457350525524,809.4103255407733,0.002433092903875389,Target_5D
SBIN.NS,2025-08-22,2025-08-25,2025-09-02,949,954,802.9763126407477,792.0237296591938,-0.013639982660925698,Target_5D
SBIN.NS,2025-09-02,2025-09-03,2025-09-10,955,960,790.0590972888992,797.622777526262,0.00957356261489517,Target_5D
SBIN.NS,2025-09-10,2025-09-11,2025-09-18,961,966,804.5970423736838,843.4468127830675,0.04828475418548761,Target_5D
SBIN.NS,2025-09-23,2025-09-24,2025-10-01,970,975,860.4896293435494,856.8551164386336,-0.0042237730484776526,Target_5D
SBIN.NS,2025-10-01,2025-10-03,2025-10-10,976,981,849.8317681995126,846.8357087276893,-0.003525473610113239,Target_5D
SBIN.NS,2025-10-10,2025-10-13,2025-10-20,982,987,863.4365156616575,878.7602670499772,0.017747397880870208,Target_5D
SBIN.NS,2025-10-21,2025-10-23,2025-10-30,989,994,895.8522005767054,922.8161933430812,0.030098706850323786,Target_5D
SBIN.NS,2025-12-02,2025-12-03,2025-12-10,1017,1022,953.2672831530164,943.1005538600858,-0.010665140273463658,Target_5D
SBIN.NS,2025-12-10,2025-12-11,2025-12-18,1023,1028,945.0651010209992,960.5854160531444,0.016422482446318165,Target_5D
SBIN.NS,2025-12-18,2025-12-19,2025-12-29,1029,1034,962.5990921488028,949.7801706470484,-0.013316988979429456,Target_5D
SBIN.NS,2025-12-29,2025-12-30,2026-01-06,1035,1040,945.9491873630988,990.1033041483112,0.04667704922744864,Target_5D
SBIN.NS,2026-01-08,2026-01-09,2026-01-16,1043,1048,978.3648939690312,1013.7274769567848,0.03614457469369592,Target_5D
SBIN.NS,2026-01-22,2026-01-23,2026-02-02,1053,1058,1033.27513930533,1001.841784674364,-0.030421088667727525,Target_5D
SBIN.NS,2026-02-02,2026-02-03,2026-02-10,1059,1064,1067.7536525315768,1130.6205046120729,0.05887767457544424,Target_5D
SBIN.NS,2026-02-25,2026-02-26,2026-03-06,1076,1081,1179.735216926868,1147.8105829193837,-0.02706084683192367,Target_5D
SBIN.NS,2026-03-06,2026-03-09,2026-03-16,1082,1087,1095.2579011773869,1030.1318158454478,-0.059461872187298925,Target_5D
SBIN.NS,2026-03-16,2026-03-17,2026-03-24,1088,1093,1054.8856886705516,1036.516646275884,-0.01741330135762631,Target_5D
SBIN.NS,2026-03-27,2026-03-30,2026-04-08,1096,1101,987.2055421466002,1054.9838445577764,0.0686567280242345,Target_5D
SBIN.NS,2026-04-08,2026-04-09,2026-04-17,1102,1107,1041.329937682068,1048.1077725199243,0.006508825486130965,Target_5D
SBIN.NS,2026-04-27,2026-04-28,2026-05-05,1114,1119,1082.7827735553876,1041.821102831169,-0.037829998522897035,Target_5D
SBIN.NS,2026-05-05,2026-05-06,2026-05-13,1120,1125,1053.019301365762,960.6836091187948,-0.08768660947354723,Target_5D
SBIN.NS,2026-05-13,2026-05-14,2026-05-21,1126,1131,956.2632817330172,957.0,0.0007704136309067966,Target_5D
SBIN.NS,2026-05-26,2026-05-27,2026-06-03,1135,1140,969.7999877929688,953.75,-0.016549791704467465,Target_5D
SBIN.NS,2026-06-03,2026-06-04,2026-06-11,1141,1146,969.9000244140624,998.0999755859376,0.029075111312541146,Target_5D
SBIN.NS,2026-06-26,2026-06-29,2026-07-06,1158,1163,1044.449951171875,1041.9000244140625,-0.002441406364135923,Target_5D
SBIN.NS,2026-07-06,2026-07-07,2026-07-14,1164,1169,1039.300048828125,1033.300048828125,-0.005773116249504051,Target_5D
SBIN.NS,2026-07-15,2026-07-16,2026-07-23,1171,1176,1030.0999755859375,1022.0,-0.007863290727028849,Target_5D
SBIN.NS,2026-07-24,2026-07-27,2026-08-03,1178,1183,1020.2999877929688,1035.0,0.014407539334415853,Target_5D
SBIN.NS,2026-08-03,2026-08-04,2026-08-11,1184,1189,1047.5999755859375,1071.0,0.022336793584759818,Target_5D
TCS.NS,2024-09-12,2024-09-13,2024-09-20,714,719,4208.644488913913,4010.6618255380617,-0.04704190717399914,Target_5D
TCS.NS,2024-09-20,2024-09-23,2024-09-30,720,725,3994.960476501186,3982.7896922279247,-0.003046534338662754,Target_5D
TCS.NS,2024-09-30,2024-10-01,2024-10-09,726,731,3953.66354966123,3957.798231053306,0.00104578483731399,Target_5D
TCS.NS,2024-10-09,2024-10-10,2024-10-17,732,737,3951.52704974696,3821.040502958908,-0.033021802747474016,Target_5D
TCS.NS,2024-10-17,2024-10-18,2024-10-25,738,743,3809.128265067552,3778.440830569176,-0.00805628804359304,Target_5D
TCS.NS,2024-10-25,2024-10-28,2024-11-04,744,749,3789.5234771784335,3693.9228999424704,-0.025227598618057456,Target_5D
TCS.NS,2024-11-04,2024-11-05,2024-11-12,750,755,3670.453574014962,3926.4751190486577,0.06975201834623501,Target_5D
TCS.NS,2024-11-13,2024-11-14,2024-11-25,757,762,3851.0378338185446,3986.079375829224,0.03506627247979455,Target_5D
TCS.NS,2024-11-25,2024-11-26,2024-12-03,763,768,4024.3109738880953,4018.071797558005,-0.0015503713233329108,Target_5D
TCS.NS,2024-12-03,2024-12-04,2024-12-11,769,774,4017.32556089458,4127.502533877997,0.027425452907252623,Target_5D
TCS.NS,2024-12-16,2024-12-17,2024-12-24,778,783,4107.151927157033,3872.737372652853,-0.057074722012156465,Target_5D
TCS.NS,2024-12-24,2024-12-26,2025-01-02,784,789,3892.48160931481,3837.06777038556,-0.014236120935457564,Target_5D
TCS.NS,2025-01-02,2025-01-03,2025-01-10,790,795,3892.900907869697,3911.574039574632,0.00479671385089353,Target_5D
TCS.NS,2025-01-13,2025-01-14,2025-01-21,797,802,4006.5694375522967,3884.245030505511,-0.030530958954630427,Target_5D
TCS.NS,2025-01-21,2025-01-22,2025-01-29,803,808,3841.279620243455,3845.073468836012,0.0009876522845573277,Target_5D
TCS.NS,2025-01-29,2025-01-30,2025-02-05,809,814,3888.6080671419,3936.126163727403,0.012219821531262776,Target_5D
TCS.NS,2025-02-05,2025-02-06,2025-02-13,815,820,3893.8246615705457,3763.505458238132,-0.03346817452223183,Target_5D
TCS.NS,2025-02-13,2025-02-14,2025-02-21,821,826,3722.721744594235,3581.495307989525,-0.03793633967131316,Target_5D
TCS.NS,2025-02-21,2025-02-24,2025-03-04,827,832,3550.2431219830423,3294.964317196664,-0.07190459808391614,Target_5D
TCS.NS,2025-03-04,2025-03-05,2025-03-12,833,838,3339.400041837824,3381.2746199098347,0.012539551280883687,Target_5D
TCS.NS,2025-03-12,2025-03-13,2025-03-21,839,844,3321.8059194545594,3295.9131965165147,-0.007794772953591544,Target_5D
TCS.NS,2025-03-21,2025-03-24,2025-04-01,845,850,3414.470721860925,3388.577667798288,-0.007583328770944919,Target_5D
TCS.NS,2025-04-01,2025-04-02,2025-04-09,851,856,3361.3570398330285,3092.5147195117684,-0.07998029282084673,Target_5D
TCS.NS,2025-04-09,2025-04-11,2025-04-22,857,862,3120.0203045213184,3151.366701677712,0.010046856781979585,Target_5D
TCS.NS,2025-04-22,2025-04-23,2025-04-30,863,868,3191.58211565842,3293.0671433029925,0.03179771786120433,Target_5D
TCS.NS,2025-04-30,2025-05-02,2025-05-09,869,874,3293.067449131084,3223.8296054868374,-0.02102533419487529,Target_5D
TCS.NS,2025-05-09,2025-05-12,2025-05-19,875,880,3324.3664350329263,3367.0473541083206,0.012838813021817552,Target_5D
TCS.NS,2025-05-19,2025-05-20,2025-05-27,881,886,3349.785756293493,3349.975012342405,5.6497956192114174e-05,Target_5D
TCS.NS,2025-05-27,2025-05-28,2025-06-04,887,892,3338.593912754748,3242.9152450223373,-0.02865837242645186,Target_5D
TCS.NS,2025-06-04,2025-06-05,2025-06-12,893,898,3262.053070221624,3322.241373890929,0.01845104980625467,Target_5D
TCS.NS,2025-06-12,2025-06-13,2025-06-20,899,904,3246.933943792306,3277.3633274014865,0.009371728570997773,Target_5D
TCS.NS,2025-06-23,2025-06-24,2025-07-01,906,911,3286.549557502439,3306.069824205508,0.005939440851731259,Target_5D
TCS.NS,2025-07-01,2025-07-02,2025-07-09,912,917,3336.8820295980254,3263.010040732191,-0.022138028318230085,Target_5D
TCS.NS,2025-07-14,2025-07-15,2025-07-22,921,926,3067.8034091107847,3033.664306640625,-0.011128191059692205,Target_5D
TCS.NS,2025-07-22,2025-07-23,2025-07-30,927,932,3033.6641973444102,2938.0337293982366,-0.03152308948033411,Target_5D
TCS.NS,2025-07-30,2025-07-31,2025-08-07,933,938,2920.463390318632,2895.7878484472435,-0.008449187191727159,Target_5D
TCS.NS,2025-08-07,2025-08-08,2025-08-18,939,944,2926.608113394472,2925.072007661826,-0.0005248757855949027,Target_5D
TCS.NS,2025-08-18,2025-08-19,2025-08-26,945,950,2891.178783449569,3004.283667485289,0.039120681392373235,Target_5D
TCS.NS,2025-08-28,2025-08-29,2025-09-05,952,957,2969.7187359392783,2973.655259644998,0.00132555438940396,Target_5D
TCS.NS,2025-09-05,2025-09-08,2025-09-15,958,963,2928.4323632618416,3009.0844623500607,0.0275410489584893,Target_5D
TCS.NS,2025-09-15,2025-09-16,2025-09-23,964,969,3003.323408916267,2947.6355509068776,-0.01854207836693955,Target_5D
TCS.NS,2025-09-23,2025-09-24,2025-10-01,970,975,2928.432470591566,2775.7699233020426,-0.05213114825853726,Target_5D
TCS.NS,2025-10-01,2025-10-03,2025-10-10,976,981,2807.454578770542,2928.432196055488,0.04309156707280559,Target_5D
TCS.NS,2025-10-10,2025-10-13,2025-10-20,982,987,2906.348987711864,2877.1943748710046,-0.010031353070166782,Target_5D
TCS.NS,2025-10-21,2025-10-23,2025-10-30,989,994,2944.1734252464703,2938.487165302022,-0.0019313603932731294,Target_5D
TCS.NS,2025-11-03,2025-11-04,2025-11-12,997,1002,2910.0574685167057,2948.991669923252,0.01337918643455227,Target_5D
TCS.NS,2025-11-18,2025-11-19,2025-11-26,1007,1012,2984.6493140956795,3005.658898650244,0.007039213771394159,Target_5D
TCS.NS,2025-11-27,2025-11-28,2025-12-05,1014,1019,3026.089482694223,3112.824571063191,0.028662433435955315,Target_5D
TCS.NS,2025-12-10,2025-12-11,2025-12-18,1023,1028,3088.73179730002,3110.897128527372,0.007176191615836602,Target_5D
TCS.NS,2025-12-19,2025-12-22,2025-12-30,1030,1035,3189.9226061933546,3132.099002526,-0.018126961310938383,Target_5D
TCS.NS,2025-12-30,2025-12-31,2026-01-07,1036,1041,3122.461816571668,3125.2565425983025,0.0008950392961739606,Target_5D
TCS.NS,2026-01-15,2026-01-16,2026-01-23,1048,1053,3159.0110444402844,3130.457047950816,-0.00903890365933413,Target_5D
TCS.NS,2026-01-27,2026-01-28,2026-02-04,1055,1060,3116.425451779539,3061.475843095512,-0.017632255137901454,Target_5D
TCS.NS,2026-02-06,2026-02-09,2026-02-16,1063,1068,2903.5941220720847,2649.3540277067937,-0.0875604797628734,Target_5D
TCS.NS,2026-02-16,2026-02-17,2026-02-24,1069,1074,2665.053846962437,2591.460746119642,-0.02761411403626035,Target_5D
TCS.NS,2026-02-24,2026-02-25,2026-03-05,1075,1080,2547.304810674256,2551.229777430436,0.0015408312109854716,Target_5D
TCS.NS,2026-03-05,2026-03-06,2026-03-13,1081,1086,2523.7550365456814,2391.287343235487,-0.05248833242211415,Target_5D
TCS.NS,2026-03-13,2026-03-16,2026-03-23,1087,1092,2364.793830777467,2320.6378037995523,-0.018672252271310086,Target_5D
TCS.NS,2026-03-23,2026-03-24,2026-04-02,1093,1098,2359.0045869106293,2341.24390183887,-0.00752888958771325,Target_5D
TCS.NS,2026-04-02,2026-04-06,2026-04-13,1099,1104,2427.593337237373,2443.195026142192,0.0064268132003419964,Target_5D
TCS.NS,2026-04-13,2026-04-15,2026-04-22,1105,1110,2454.9699887251027,2531.6050998221144,0.031216312805848023,Target_5D
TCS.NS,2026-04-22,2026-04-23,2026-04-30,1111,1116,2481.5617226658205,2432.499548509073,-0.019770684609062394,Target_5D
TCS.NS,2026-04-30,2026-05-01,2026-05-08,1117,1122,2427.4951171875,2353.018651512491,-0.030680377129366776,Target_5D
TCS.NS,2026-05-08,2026-05-11,2026-05-18,1123,1128,2326.5252955775945,2221.5322685970373,-0.04512868490195854,Target_5D
TCS.NS,2026-05-18,2026-05-19,2026-05-26,1129,1134,2256.857213357978,2295.613098349941,0.01717250199196174,Target_5D
TCS.NS,2026-05-26,2026-05-27,2026-06-03,1135,1140,2262.594357061604,2379.9508308808004,0.051868101523776966,Target_5D
TCS.NS,2026-06-03,2026-06-04,2026-06-11,1141,1146,2229.4759194813155,2115.4013888441136,-0.0511665228767042,Target_5D
TCS.NS,2026-06-11,2026-06-12,2026-06-19,1147,1152,2138.276030955957,2093.521413717831,-0.020930233791246255,Target_5D
TCS.NS,2026-06-19,2026-06-22,2026-06-29,1153,1158,2120.572930884224,2078.6031371123327,-0.01979172381229599,Target_5D
TCS.NS,2026-07-01,2026-07-02,2026-07-09,1161,1166,1997.0503819057585,2046.280350211656,0.024651340172458847,Target_5D
TCS.NS,2026-07-09,2026-07-10,2026-07-17,1167,1172,2093.7200783959847,2224.800048828125,0.06260625371303763,Target_5D
TCS.NS,2026-07-21,2026-07-22,2026-07-29,1175,1180,2216.0,2440.0,0.10108303249097483,Target_5D
TCS.NS,2026-08-05,2026-08-06,2026-08-13,1186,1191,2417.0,2349.699951171875,-0.027844455452265215,Target_5D
TMPV.NS,2024-09-12,2024-09-13,2024-09-20,714,719,978.3036328758404,950.8690327657926,-0.02804303202820646,Target_5D
TMPV.NS,2024-09-20,2024-09-23,2024-09-30,720,725,957.2605817144122,976.4352892721284,0.02003081284656605,Target_5D
TMPV.NS,2024-10-01,2024-10-03,2024-10-10,727,732,923.3361203438936,918.173713992216,-0.0055910369343668,Target_5D
TMPV.NS,2024-10-10,2024-10-11,2024-10-18,733,738,916.45286262224,879.3817721128805,-0.040450624381583866,Target_5D
TMPV.NS,2024-10-18,2024-10-21,2024-10-28,739,744,896.8356656743475,853.3729908359734,-0.048462250668514284,Target_5D
TMPV.NS,2024-10-28,2024-10-29,2024-11-05,745,750,865.5661572026626,807.7961629985195,-0.06674243640814714,Target_5D
TMPV.NS,2024-11-05,2024-11-06,2024-11-13,751,756,829.8225156687083,773.8717052271711,-0.06742503292580526,Target_5D
TMPV.NS,2024-11-13,2024-11-14,2024-11-25,757,762,773.4783511416193,794.5705327020565,0.0272692590934267,Target_5D
TMPV.NS,2024-11-25,2024-11-26,2024-12-03,763,768,783.8523968517837,781.738231355426,-0.002697147453843196,Target_5D
TMPV.NS,2024-12-03,2024-12-04,2024-12-11,769,774,791.5714152396604,789.5064949632769,-0.002608634213703054,Target_5D
TMPV.NS,2024-12-11,2024-12-12,2024-12-19,775,780,785.8681617179428,732.0314739678861,-0.06850600440710986,Target_5D
TMPV.NS,2024-12-19,2024-12-20,2024-12-30,781,786,731.8840028884866,741.3238828744561,0.012898054812939819,Target_5D
TMPV.NS,2024-12-30,2024-12-31,2025-01-07,787,792,721.4117128098959,763.0551510055546,0.057724926635107865,Target_5D
TMPV.NS,2025-01-07,2025-01-08,2025-01-15,793,798,779.3782523303164,758.1385805824749,-0.02725207135859331,Target_5D
TMPV.NS,2025-01-15,2025-01-16,2025-01-23,799,804,757.0569587862387,730.3598487828657,-0.03526433472875745,Target_5D
TMPV.NS,2025-01-23,2025-01-24,2025-01-31,805,810,737.5380689052246,694.2228650095947,-0.058729448311631516,Target_5D
TMPV.NS,2025-01-31,2025-02-01,2025-02-07,811,816,707.4977205651464,699.1394920389603,-0.011813788628901367,Target_5D
TMPV.NS,2025-02-07,2025-02-10,2025-02-17,817,822,697.9103395089336,666.6899689526078,-0.04473407082390146,Target_5D
TMPV.NS,2025-02-17,2025-02-18,2025-02-25,823,828,675.146491452964,656.6109707699158,-0.027454072438647392,Target_5D
TMPV.NS,2025-02-25,2025-02-27,2025-03-06,829,834,650.9569093012196,642.3528446398893,-0.013217564078959576,Target_5D
TMPV.NS,2025-03-13,2025-03-17,2025-03-24,840,845,653.9559792152191,698.1561634301638,0.06758892894899016,Target_5D
TMPV.NS,2025-03-26,2025-03-27,2025-04-04,848,853,656.856769826475,639.1570347084581,-0.026946110523748845,Target_5D
TMPV.NS,2025-04-04,2025-04-07,2025-04-16,854,859,551.1500367316361,614.5740894288654,0.11507583864702076,Target_5D
TMPV.NS,2025-04-16,2025-04-17,2025-04-25,860,865,605.7733885303073,657.2009688239773,0.08489574033359348,Target_5D
TMPV.NS,2025-05-21,2025-05-22,2025-05-29,883,888,712.9059152589249,712.4142662271832,-0.0006896408364953643,Target_5D
TMPV.NS,2025-05-29,2025-05-30,2025-06-06,889,894,712.3651193794668,704.1588007716355,-0.01151982092410675,Target_5D
TMPV.NS,2025-06-06,2025-06-09,2025-06-16,895,900,709.1176402063359,705.1505624763001,-0.005594385903136434,Target_5D
TMPV.NS,2025-06-18,2025-06-19,2025-06-26,903,908,664.7357985224281,671.4303010251225,0.010070922188296194,Target_5D
TMPV.NS,2025-06-26,2025-06-27,2025-07-04,909,914,679.3644475780977,685.3151339819361,0.008759196076645326,Target_5D
TMPV.NS,2025-07-04,2025-07-07,2025-07-14,915,920,683.3811669976727,675.3973909891297,-0.011682756848009901,Target_5D
TMPV.NS,2025-07-15,2025-07-16,2025-07-23,922,927,678.7694163857486,671.1327642040955,-0.011250731098516709,Target_5D
TMPV.NS,2025-07-23,2025-07-24,2025-07-31,928,933,687.001121717902,654.4213402448943,-0.0474231852657524,Target_5D
TMPV.NS,2025-07-31,2025-08-01,2025-08-08,934,939,662.4547400855488,642.6192753341694,-0.029942369721466355,Target_5D
TMPV.NS,2025-08-08,2025-08-11,2025-08-19,940,945,630.9659784366706,671.1823491645005,0.06373778001069552,Target_5D
TMPV.NS,2025-08-19,2025-08-20,2025-08-28,946,951,694.4889804145823,674.3064682406402,-0.02906095379928697,Target_5D
TMPV.NS,2025-08-28,2025-08-29,2025-09-05,952,957,669.8930412896188,685.215932152391,0.02287363790684238,Target_5D
TMPV.NS,2025-09-05,2025-09-08,2025-09-15,958,963,689.282190509767,709.415191948069,0.029208648816839933,Target_5D
TMPV.NS,2025-09-15,2025-09-16,2025-09-23,964,969,709.1176827982606,696.0262660027691,-0.018461557387528638,Target_5D
TMPV.NS,2025-09-23,2025-09-24,2025-10-01,970,975,694.7369633260893,675.397368576227,-0.02783729061611029,Target_5D
TMPV.NS,2025-10-01,2025-10-03,2025-10-10,976,981,712.588836327758,679.1661053680235,-0.04690324806654922,Target_5D
TMPV.NS,2025-10-10,2025-10-13,2025-10-20,982,987,673.4138208534335,396.7587624586154,-0.41082474078747966,Target_5D
TMPV.NS,2025-10-20,2025-10-21,2025-10-29,988,993,399.486141995886,409.1063531832241,0.02408146410104295,Target_5D
TMPV.NS,2025-10-29,2025-10-30,2025-11-07,994,999,409.30470593121305,403.3540776541771,-0.014538382263398653,Target_5D
TMPV.NS,2025-11-07,2025-11-10,2025-11-17,1000,1005,402.6598100199961,376.8737194613381,-0.06403939483649346,Target_5D
TMPV.NS,2025-11-17,2025-11-18,2025-11-25,1006,1011,370.0304791752292,355.0547122273441,-0.040471711901314045,Target_5D
TMPV.NS,2025-11-25,2025-11-26,2025-12-03,1012,1017,351.53393552290044,358.724289448912,0.02045422418554277,Target_5D
TMPV.NS,2025-12-03,2025-12-04,2025-12-11,1018,1023,354.06294959809605,340.5748335346312,-0.03809524853920898,Target_5D
TMPV.NS,2025-12-11,2025-12-12,2025-12-19,1024,1029,345.13698523052915,344.541910371023,-0.0017241700686140282,Target_5D
TMPV.NS,2025-12-19,2025-12-22,2025-12-30,1030,1035,353.31911594275186,355.6497860061676,0.0065965014578870385,Target_5D
TMPV.NS,2025-12-30,2025-12-31,2026-01-07,1036,1041,358.7738548847024,364.03025963380026,0.014651025088734615,Target_5D
TMPV.NS,2026-01-07,2026-01-08,2026-01-15,1042,1047,360.3110994837254,346.92218017578125,-0.0371593307203929,Target_5D
TMPV.NS,2026-01-15,2026-01-16,2026-01-23,1048,1053,346.82300955239594,344.2444032494236,-0.007434934338123145,Target_5D
TMPV.NS,2026-01-23,2026-01-27,2026-02-03,1054,1059,337.2027974910616,378.01424490971857,0.12102938564659693,Target_5D
TMPV.NS,2026-02-03,2026-02-04,2026-02-11,1060,1065,369.4354331545169,379.3531521079499,0.026845608361786066,Target_5D
TMPV.NS,2026-02-11,2026-02-12,2026-02-19,1066,1071,381.8325850843103,378.8076811282488,-0.007922068661043169,Target_5D
TMPV.NS,2026-02-19,2026-02-20,2026-02-27,1072,1077,372.609101605779,390.41142532601054,0.047777479518110066,Target_5D
TMPV.NS,2026-02-27,2026-03-02,2026-03-10,1078,1083,355.054710869009,335.2192687910743,-0.05586587495033302,Target_5D
TMPV.NS,2026-03-10,2026-03-11,2026-03-18,1084,1089,341.9633006599363,318.3591288859519,-0.06902545310690356,Target_5D
TMPV.NS,2026-03-18,2026-03-19,2026-03-27,1090,1095,315.3838081400339,309.92904260765044,-0.01729564229867342,Target_5D
TMPV.NS,2026-03-27,2026-03-30,2026-04-08,1096,1101,294.804502542891,318.3591238396483,0.0798991232955486,Target_5D
TMPV.NS,2026-04-08,2026-04-09,2026-04-17,1102,1107,331.7480474702416,349.1536606342842,0.05246636203820887,Target_5D
TMPV.NS,2026-04-22,2026-04-23,2026-04-30,1111,1116,356.9886880521628,349.1040910800748,-0.022086405636852824,Target_5D
TMPV.NS,2026-04-30,2026-05-01,2026-05-08,1117,1122,338.74005126953125,353.07115879906445,0.042307095000496675,Target_5D
TMPV.NS,2026-05-08,2026-05-11,2026-05-18,1123,1128,349.40159989184986,351.8810176428297,0.007096183165009373,Target_5D
TMPV.NS,2026-05-19,2026-05-20,2026-05-27,1130,1135,355.6993688495488,382.6259831302344,0.07570048371965132,Target_5D
TMPV.NS,2026-05-27,2026-05-28,2026-06-04,1136,1141,397.6513671875,392.9404463617246,-0.011846861885813964,Target_5D
TMPV.NS,2026-06-04,2026-06-05,2026-06-12,1142,1147,397.7009376215467,377.1216567993165,-0.05174561806493272,Target_5D
TMPV.NS,2026-06-12,2026-06-15,2026-06-22,1148,1153,394.9240034271085,362.0,-0.08336794710222095,Target_5D
TMPV.NS,2026-06-22,2026-06-23,2026-06-30,1154,1159,361.5,348.0,-0.03734439834024894,Target_5D
TMPV.NS,2026-06-30,2026-07-01,2026-07-08,1160,1165,353.5,340.95001220703125,-0.03550208710882252,Target_5D
TMPV.NS,2026-07-10,2026-07-13,2026-07-20,1168,1173,339.3500061035156,335.5,-0.01134523658249531,Target_5D
TMPV.NS,2026-07-20,2026-07-21,2026-07-28,1174,1179,336.1000061035156,327.0,-0.027075292883847468,Target_5D
TMPV.NS,2026-07-28,2026-07-29,2026-08-05,1180,1185,326.0,349.0,0.07055214723926384,Target_5D
TMPV.NS,2026-08-05,2026-08-06,2026-08-13,1186,1191,349.0,343.5,-0.015759312320916874,Target_5D
