Model,Target,Fold,Train_Start,Train_End,Test_Start,Test_End,Train_Rows,Test_Rows,Accuracy,Balanced_Accuracy,Macro_F1,Log_Loss,Baseline_Accuracy
LightGBM,Target_1D,1,2021-10-21 18:30:00+00:00,2024-09-09 18:30:00+00:00,2024-09-11 18:30:00+00:00,2025-03-02 18:30:00+00:00,7120,1190,0.3487394957983193,0.35575076831026137,0.34853515406465024,1.1304389873574598,0.27899159663865547
LightGBM,Target_1D,2,2021-10-21 18:30:00+00:00,2025-02-27 18:30:00+00:00,2025-03-03 18:30:00+00:00,2025-08-25 18:30:00+00:00,8310,1181,0.35139712108382726,0.35072232555560595,0.3494882870697796,1.1270360991063704,0.31837425910245554
LightGBM,Target_1D,3,2021-10-21 18:30:00+00:00,2025-08-24 18:30:00+00:00,2025-08-27 18:30:00+00:00,2026-02-17 18:30:00+00:00,9491,1190,0.3773109243697479,0.34657278848012374,0.33924552464124264,1.1121560601378275,0.4184873949579832
LightGBM,Target_1D,4,2021-10-21 18:30:00+00:00,2026-02-16 18:30:00+00:00,2026-02-18 18:30:00+00:00,2026-08-13 18:30:00+00:00,10681,1190,0.3588235294117647,0.3594966691728787,0.3550107659647748,1.1198857383321255,0.31092436974789917
CatBoost,Target_1D,1,2021-10-21 18:30:00+00:00,2024-09-09 18:30:00+00:00,2024-09-11 18:30:00+00:00,2025-03-02 18:30:00+00:00,7120,1190,0.3588235294117647,0.3640254018330659,0.3588316343507467,1.1063467348604459,0.27899159663865547
CatBoost,Target_1D,2,2021-10-21 18:30:00+00:00,2025-02-27 18:30:00+00:00,2025-03-03 18:30:00+00:00,2025-08-25 18:30:00+00:00,8310,1181,0.3674851820491109,0.3524118893879135,0.34939238240749654,1.0939842115981255,0.31837425910245554
CatBoost,Target_1D,3,2021-10-21 18:30:00+00:00,2025-08-24 18:30:00+00:00,2025-08-27 18:30:00+00:00,2026-02-17 18:30:00+00:00,9491,1190,0.3899159663865546,0.33451072561189493,0.29443719454566314,1.0910811061220056,0.4184873949579832
CatBoost,Target_1D,4,2021-10-21 18:30:00+00:00,2026-02-16 18:30:00+00:00,2026-02-18 18:30:00+00:00,2026-08-13 18:30:00+00:00,10681,1190,0.35798319327731093,0.3603200882735824,0.3546064025297164,1.0960334502346583,0.31092436974789917
LightGBM,Target_5D,1,2021-10-21 18:30:00+00:00,2024-09-03 18:30:00+00:00,2024-09-11 18:30:00+00:00,2025-03-02 18:30:00+00:00,7080,1190,0.3495798319327731,0.35034815367064437,0.33496430470584665,1.2400017369313898,0.3058823529411765
LightGBM,Target_5D,2,2021-10-21 18:30:00+00:00,2025-02-20 18:30:00+00:00,2025-03-03 18:30:00+00:00,2025-08-25 18:30:00+00:00,8270,1181,0.35647756138865366,0.3591872601516947,0.35041783089779016,1.1722230903020159,0.36494496189669773
LightGBM,Target_5D,3,2021-10-21 18:30:00+00:00,2025-08-18 18:30:00+00:00,2025-08-27 18:30:00+00:00,2026-02-17 18:30:00+00:00,9451,1190,0.35714285714285715,0.35374652628168096,0.3553228601043545,1.2066363198269154,0.3689075630252101
LightGBM,Target_5D,4,2021-10-21 18:30:00+00:00,2026-02-10 18:30:00+00:00,2026-02-18 18:30:00+00:00,2026-08-13 18:30:00+00:00,10641,1190,0.31092436974789917,0.3089587631377267,0.3007204255096542,1.1840804818943593,0.3310924369747899
CatBoost,Target_5D,1,2021-10-21 18:30:00+00:00,2024-09-03 18:30:00+00:00,2024-09-11 18:30:00+00:00,2025-03-02 18:30:00+00:00,7080,1190,0.3554621848739496,0.3527372952326484,0.3458483547321187,1.1206606554206486,0.3058823529411765
CatBoost,Target_5D,2,2021-10-21 18:30:00+00:00,2025-02-20 18:30:00+00:00,2025-03-03 18:30:00+00:00,2025-08-25 18:30:00+00:00,8270,1181,0.3657917019475021,0.36951131798486087,0.3598978917441506,1.1050096060178738,0.36494496189669773
CatBoost,Target_5D,3,2021-10-21 18:30:00+00:00,2025-08-18 18:30:00+00:00,2025-08-27 18:30:00+00:00,2026-02-17 18:30:00+00:00,9451,1190,0.3638655462184874,0.3607678105026752,0.3502435806901383,1.116724420411315,0.3689075630252101
CatBoost,Target_5D,4,2021-10-21 18:30:00+00:00,2026-02-10 18:30:00+00:00,2026-02-18 18:30:00+00:00,2026-08-13 18:30:00+00:00,10641,1190,0.32857142857142857,0.3257807215279769,0.3153381511969956,1.112328274261202,0.3310924369747899
LightGBM,Target_30D,1,2021-10-21 18:30:00+00:00,2024-07-29 18:30:00+00:00,2024-09-11 18:30:00+00:00,2025-03-02 18:30:00+00:00,6830,1190,0.36050420168067226,0.3397595925614085,0.3279074691052912,1.4844361740235272,0.2672268907563025
LightGBM,Target_30D,2,2021-10-21 18:30:00+00:00,2025-01-19 18:30:00+00:00,2025-03-03 18:30:00+00:00,2025-08-25 18:30:00+00:00,8020,1181,0.37425910245554617,0.37884043159665737,0.3649674905584397,1.351924019947047,0.41320914479254867
LightGBM,Target_30D,3,2021-10-21 18:30:00+00:00,2025-07-13 18:30:00+00:00,2025-08-27 18:30:00+00:00,2026-02-17 18:30:00+00:00,9201,1190,0.34285714285714286,0.32973070242791547,0.32979958584094504,1.5177579210025267,0.3680672268907563
LightGBM,Target_30D,4,2021-10-21 18:30:00+00:00,2026-01-04 18:30:00+00:00,2026-02-18 18:30:00+00:00,2026-08-13 18:30:00+00:00,10391,1190,0.346218487394958,0.32033545219140785,0.3101277135757906,1.4701935533928814,0.3033613445378151
CatBoost,Target_30D,1,2021-10-21 18:30:00+00:00,2024-07-29 18:30:00+00:00,2024-09-11 18:30:00+00:00,2025-03-02 18:30:00+00:00,6830,1190,0.32605042016806723,0.32937505898209546,0.3123014466594067,1.2402762934422449,0.2672268907563025
CatBoost,Target_30D,2,2021-10-21 18:30:00+00:00,2025-01-19 18:30:00+00:00,2025-03-03 18:30:00+00:00,2025-08-25 18:30:00+00:00,8020,1181,0.3353090601185436,0.3457379830086625,0.3290515801793554,1.1968349660642603,0.41320914479254867
CatBoost,Target_30D,3,2021-10-21 18:30:00+00:00,2025-07-13 18:30:00+00:00,2025-08-27 18:30:00+00:00,2026-02-17 18:30:00+00:00,9201,1190,0.3369747899159664,0.3510600783100714,0.33801205257420347,1.2321927656045475,0.3680672268907563
CatBoost,Target_30D,4,2021-10-21 18:30:00+00:00,2026-01-04 18:30:00+00:00,2026-02-18 18:30:00+00:00,2026-08-13 18:30:00+00:00,10391,1190,0.3142857142857143,0.31408844539038444,0.2959737838908901,1.2183298728140388,0.3033613445378151
