Target,Model,Mean_Accuracy,Mean_Balanced_Accuracy,Mean_Macro_F1,Mean_Log_Loss,Folds
Target_1D,XGBoost,0.36961679676104137,0.36127586515946586,,,4
Target_1D,LightGBM,0.35906776766591475,0.3531356378797174,0.3480699329351118,1.1223792212334458,4
Target_1D,CatBoost,0.36855196778118526,0.35281702627661415,0.3393169034584057,1.096861375703809,4
Target_30D,XGBoost,0.37148193739815993,0.35605332326594374,,,4
Target_30D,LightGBM,0.3559597335970798,0.34216654469434726,0.3332005647701166,1.4560779170914957,4
Target_30D,CatBoost,0.3281549961220729,0.33506539142280345,0.3188347158259639,1.221908474481273,4
Target_5D,CatBoost,0.35342271540284187,0.35219928631204034,0.3428319945908508,1.1136807390277599,4
Target_5D,XGBoost,0.34645151879549446,0.3437223668024428,,,4
Target_5D,LightGBM,0.3435311550530457,0.3430601758104367,0.3353563553044113,1.2007354072386702,4
