Feature,Importance
Low,0.02954936
Close,0.028933309
EMA_12,0.02683954
EMA_50,0.026573624
SMA_200,0.026358431
SMA_10,0.02620655
BB_Upper,0.02551983
SMA_100,0.02539245
ATR_Ratio,0.025046717
EMA_26,0.024854213
SMA_5,0.024802413
OBV,0.024736913
High,0.024731483
SMA_50,0.024462098
BB_Lower,0.024236832
SMA_20,0.023783965
Volume_SMA_20,0.023564186
Close_SMA_Ratio_200,0.022571687
ATR_14,0.022205146
Close_SMA_Ratio_100,0.022028297
Volatility_20,0.021877786
MACD_Hist,0.021812221
BB_Width,0.021756936
RSI_14,0.02137175
Close_SMA_Ratio_10,0.021301562
MACD,0.02125973
MACD_Signal,0.02123598
Open,0.020871298
ROC_10,0.02076448
Close_SMA_Ratio_50,0.020630045
BB_Position,0.020536298
EMA_12_26_Diff,0.020458022
ROC_20,0.019904163
Close_SMA_Ratio_20,0.019530158
Stochastic_D,0.019046064
Stochastic_K,0.018457193
Volume,0.01840786
ROC_5,0.017737942
Close_SMA_Ratio_5,0.017704457
Volume_Ratio,0.016633742
Daily_Return,0.016449088
Return_Lag_20,0.01633632
Return_Lag_5,0.01614512
Volume_Change,0.016113702
Return_Lag_1,0.015999287
Return_Lag_10,0.01526193
